title,company,location,tags,description,url,date_posted
Language Quality Manager,Welo Global,Spain,"manager, jira, saas, training, technical, support, software, voice, speech, qa, robotics, management, content","<p style=""margin: 0cm; font-size: 12pt; font-family: Aptos, sans-serif;""><strong><span style=""color: black;"">About Welo Data</span></strong></p>
<p>Welo Data,&nbsp;a Welo&nbsp;Global&nbsp;brand,&nbsp;is the multilingual data and evaluation partner for foundation labs and enterprises deploying GenAI systems globally.&nbsp;They&nbsp;deliver&nbsp;the human&nbsp;judgment, data infrastructure, and evaluation systems that ensure AI models perform reliably across languages, cultures, and real-world contexts, at every stage from training through deployment. â¯Itsâ¯global network of 500,000+ vetted experts&nbsp;spans&nbsp;300+ languages and locales, enabling high-quality multilingual data creation and structured model evaluation across the full spectrum of modern AI applications â from large language models and voice and speech systems to agentic workflows and robotics and embodied AI. This breadth of linguistic, cultural, and domain&nbsp;expertise&nbsp;enables Welo Data to address critical AI development challenges, including safety, bias, inclusivity, and cross-lingual reliability. A unified global operating model, led by specialized program and quality experts and grounded in assessment-driven talent selection, localized rubrics, and continuous calibration, ensures consistent performance across languages, domains, and&nbsp;modalities.â¯Underpinning all of this is NIMOâ¢ (Network Identity Management and Operations), Welo Data's proprietary&nbsp;identity&nbsp;and fraud-prevention framework. Built to&nbsp;maintain&nbsp;data integrity and workforce trust across a global contributor base, NIMO combines advanced verification, continuous monitoring, and structured QA to ensure every dataset is&nbsp;accurate, traceable, and culturally grounded. <a rel=""noopener"" href=""https://nam11.safelinks.protection.outlook.com/?url=https%3A%2F%2Fgo.welocalize.com%2Fl%2F976893%2F2024-12-17%2F71svf&amp;data=05%7C02%7Cjavier.campos%40welocalize.com%7C1b575b5698404ee7782f08de9eed676e%7Cd41d420e62654ec2aeb75869659e3fe2%7C0%7C0%7C639122939649140669%7CUnknown%7CTWFpbGZsb3d8eyJFbXB0eU1hcGkiOnRydWUsIlYiOiIwLjAuMDAwMCIsIlAiOiJXaW4zMiIsIkFOIjoiTWFpbCIsIldUIjoyfQ%3D%3D%7C0%7C%7C%7C&amp;sdata=iy3MOam30cJOzUWzSDKfOM3Cy70%2FlirDUZ5TfVp13wI%3D&amp;reserved=0""><em>welodata.ai</em></a> â¯&nbsp;</p><p><br></p><h3>Overview</h3>
<p>As a Language Quality Manager, you will support a key client by ensuring that localized content meets the highest linguistic, cultural, and quality standards. This role operates as part of a client-aligned, long-term engagement model, working closely with both client stakeholders and internal Welo Data teams.<br><br>You will collaborate with internal and external partners to oversee translation quality across multiple content types. The role requires the ability to work autonomously in a fast-paced, client-driven environment, communicate effectively with both technical and non-technical stakeholders, and continuously adapt to evolving tools, workflows, and client requirements.</p>
<p>&nbsp;</p>
<p><strong>Job Reference: #LI-JC1&nbsp;</strong></p>\n<p></p><p><br></p><b>Responsibilities</b><ul>
<li data-pm-slice=""1 1 []"">Own the linguistic quality (language, tone, cultural appropriateness) of all localized content delivered for the assigned client under the Welo Data dedicated workforce model.</li>
<li data-pm-slice=""1 1 []"">Act as a client-facing quality partner, aligning linguistic quality outcomes with client brand, voice, and product expectations.</li>
<li data-pm-slice=""1 1 []"">Define, develop, and maintain linguistic assets (glossaries, style guides, terminology databases) aligned with client standards.</li>
<li data-pm-slice=""1 1 []"">Perform Localization Quality Assurance (LQA) activities including testing, issue logging, triage, and resolution.</li>
<li data-pm-slice=""1 1 []"">Track critical issues and provide regular status updates.</li>
<li data-pm-slice=""1 1 []"">Review translated content across product, marketing, sales, and communications materials.</li>
<li data-pm-slice=""1 1 []"">Consolidate and deliver linguistic feedback to external translators and vendors.</li>
<li data-pm-slice=""1 1 []"">Support urgent or ad hoc translation and review requests when required.</li>
<li data-pm-slice=""1 1 []"">Provide quality feedback during and after live product launches.</li>
</ul><p><br></p><b>Ideal Candidate background</b><ul>
<li data-pm-slice=""1 1 []"">BA/BS in Linguistics, Translation, or a related discipline.</li>
<li data-pm-slice=""1 1 []"">Minimum of 4 years of experience in translation, editing, or linguistic review.</li>
<li data-pm-slice=""1 1 []"">Experience with Smartling</li>
<li data-pm-slice=""1 1 []"">Experience using Jira or similar bug-tracking tools.</li>
<li>Familiarity with client products and platforms (e.g., SaaS or technology products).</li>
<li data-pm-slice=""1 1 []"">Fluency in additional languages is a plus.</li>
<li data-pm-slice=""1 1 []"">Understanding of Agile frameworks.</li>
<li data-pm-slice=""1 1 []"">Knowledge of the software development lifecycle.</li>
<li data-pm-slice=""1 1 []"">Excellent written and verbal communication skills.</li>
<li data-pm-slice=""1 1 []"">Strong attention to detail and quality focus.</li>
<li data-pm-slice=""1 1 []"">Ability to manage multiple priorities independently.</li>
</ul><p><br></p><p></p>\n<br/><br/>Please mention the word **PEPS** and tag RMjYwMDoxNzAyOjJlOTA6OWJjMDpjOGIxOjQyYWU6NDQ0ZDplOTQ4 when applying to show you read the job post completely (#RMjYwMDoxNzAyOjJlOTA6OWJjMDpjOGIxOjQyYWU6NDQ0ZDplOTQ4). This is a beta feature to avoid spam applicants. Companies can search these words to find applicants that read this and see they're human.",https://remoteOK.com/remote-jobs/remote-language-quality-manager-welo-global-1131565,2026-05-12T16:01:54+00:00
Contract Mandarin Document Review Attorney,"Contact Government Services, LLC",,"support, analyst, legal, non tech","<p><span style=""font-size: 10.5pt"">Mandarin Document Reviewer</span></p><p><b style=""font-size: 10.5pt"">Contact Review - Washington, DC</b></p><p><span style=""font-size: 10.5pt"">Location: Remote</span></p><p><span style=""font-size: 10.5pt"">Start Date: Negotiable</span></p><p><span style=""font-size: 10.5pt"">&nbsp;</span></p><p><span style=""font-size: 10.5pt"">EXPERIENCE &amp; QUALIFICATIONS:</span></p><p><span style=""font-size: 10.5pt"">Familiarity with document review workflows&nbsp; </span></p><p><span style=""font-size: 10.5pt"">Examples: Privilege/Responsiveness Review, Redactions, Conceptual Searching, First and Second Review, etc.</span></p><p><span style=""font-size: 10.5pt"">Experience with electronic document review technology </span></p><p><span style=""font-size: 10.5pt"">Examples: Relativity, Concordance, ViewPoint, etc.</span></p><p><span style=""font-size: 10.5pt"">Active bar admission in at least 1 U.S. Jurisdiction and status in good standing</span></p><p><span style=""font-size: 10.5pt"">Ability to read/write Mandarin Chinese. </span></p><p><span style=""font-size: 10.5pt"">THE FOLLOWING SKILLS ARE PREFERRED BUT NOT REQUIRED:</span></p><p><span style=""font-size: 10.5pt"">Experience as a member of a document review team</span></p><p><span style=""font-size: 10.5pt"">Familiarity with Relativity 9.0 or higher version</span></p><p><span style=""font-size: 10.5pt"">2+ years of legal support experience</span></p><p><span style=""font-size: 10.5pt"">HOURS &amp; LOCATION</span></p><p><span style=""font-size: 10.5pt"">Location (including opportunity for remote work) is established on a project-by-project basis</span></p><p><span style=""font-size: 10.5pt"">Hours (including the opportunity to work outside standard business hours) are established on a project-by-project basis</span></p><p><span style=""font-size: 10.5pt"">&nbsp;</span></p><p><span style=""font-size: 10.5pt"">About Contact:</span></p><p><span style=""font-size: 10.5pt"">Contact Review&nbsp;prides itself on finding high-quality, high-accountability, barred attorneys specifically tailored to the needs of our project. We seek attorneys to assist with document review, privilege review, expert testimony, legal research, and foreign language translation.&nbsp;Unlike other eDiscovery vendors, Contact fosters a culture where every project manager, programmer, engineer, reviewer, and analyst sees themselves as an extension of the projects' team. Here at Contact,&nbsp;we look for ways to improve efficiency, streamline workflows, and put our clients in the best possible position to weather the next storm.&nbsp;</span></p><p><span style=""font-size: 10.5pt"">For more information about Contact Review please visit:&nbsp;</span><a class=""postings-link"" style=""font-size: 10.5pt"" href=""https://www.cgsfederal.com/"">https://contactdiscoveryservices.com/managed-document-review/</a></p><p><span style=""font-size: 10.5pt"">â</span></p><p>&nbsp;#CJ</p>\n<p></p><p><br></p><p></p>\n<div>$60 - $60 an hour</div>\n<br/><br/>Please mention the word **ORDERLY** and tag RMjYwMDoxNzAyOjJlOTA6OWJjMDpjOGIxOjQyYWU6NDQ0ZDplOTQ4 when applying to show you read the job post completely (#RMjYwMDoxNzAyOjJlOTA6OWJjMDpjOGIxOjQyYWU6NDQ0ZDplOTQ4). This is a beta feature to avoid spam applicants. Companies can search these words to find applicants that read this and see they're human.",https://remoteOK.com/remote-jobs/remote-contract-mandarin-document-review-attorney-contact-government-services-llc-1131564,2026-05-12T16:01:47+00:00
.NET Developer Advocate,JetBrains,Amsterdam,"developer, frontend, software, testing, backend, digital nomad","JetBrains makes industry-leading professional IDEs and team software trusted by over 15 million users and 88 Fortune Global Top 100 companies. Weâre currently looking for a Developer Advocate for .NET technologies. The ideal candidate for this position is a software developer with .NET experience spanning enterprise backend development (including ASP.NET, Entity Framework, and Blazor), some frontend development, and good debugging and testing practices.

We are looking for an experienced, passionate, and open-minded person to join t<br/><br/>Please mention the word **PRICELESS** and tag RMjYwMDoxNzAyOjJlOTA6OWJjMDpjOGIxOjQyYWU6NDQ0ZDplOTQ4 when applying to show you read the job post completely (#RMjYwMDoxNzAyOjJlOTA6OWJjMDpjOGIxOjQyYWU6NDQ0ZDplOTQ4). This is a beta feature to avoid spam applicants. Companies can search these words to find applicants that read this and see they're human.",https://remoteOK.com/remote-jobs/remote-net-developer-advocate-jetbrains-1131563,2026-05-12T16:01:26+00:00
Clinical Marketing Director,Genomenon,"Remote, USA","director, support, marketing, non tech","Our Company

Genomenon is an AI-driven genetic intelligence company on a mission to save and improve lives by making biomedical information actionable. Rare diseases and cancer affect more than 30 million people in the U.S. alone and hundreds of millions globally, yet most patients still face long diagnostic journeys and limited treatment options. Our goal is clear and ambitious: to deliver the information that shapes diagnosis and treatment for every rare disease and cancer patient.

We sit at the intersection of AI, genomics, and real world evidence. Genomenon transforms the global scientific literature into a literature derived, real world evidence (RWE) engine for precision medicineâcombining large-scale AI with expert human curation to deliver clean, clinically actionable datasets. This approach fills critical gaps left by EHR and claims data, especially in rare disease and oncology, by showing how patients actually present, progress, and respond to therapy.

We turn vast, complex biomedical dataâspanning genomics, clinical evidence, and scientific literatureâinto trusted intelligence that helps clinicians make better diagnostic and therapeutic decisions, and supports life sciences organizations in bringing better therapies to market faster.

Our work has real, measurable impact. Genomenonâs platforms and services are used by more than 250 clinical laboratories and pharma organizations worldwide to support diagnostic interpretation, variant curation, and evidence-based decision-making across the drug development lifecycle. 

Each year, our technology helps inform care for tens of thousands of patients facing rare, complex, and time-sensitive conditionsâreducing uncertainty and delivering answers when they matter most.

What makes Genomen<br/><br/>Please mention the word **POSITIVELY** and tag RMjYwMDoxNzAyOjJlOTA6OWJjMDpjOGIxOjQyYWU6NDQ0ZDplOTQ4 when applying to show you read the job post completely (#RMjYwMDoxNzAyOjJlOTA6OWJjMDpjOGIxOjQyYWU6NDQ0ZDplOTQ4). This is a beta feature to avoid spam applicants. Companies can search these words to find applicants that read this and see they're human.",https://remoteOK.com/remote-jobs/remote-clinical-marketing-director-genomenon-1131562,2026-05-12T16:00:19+00:00
Tier II III UC Support Engineer,TTEC Digital,Hyderabad,"system, technical, support, growth, voip, cloud, microsoft, telecom, engineer","<p><span style=""font-size: 11pt"">At TTEC Digital, we coach clients to ensure their employees feel valued, and fully supported, because an amazing customer experience is an employee first process. Our vision is the same, a place where employees know they can thrive.</span></p><p><br></p><h3 data-section-id=""bib1q9"" data-start=""75"" data-end=""101""><span role=""text""><strong data-start=""79"" data-end=""99"">Position Purpose</strong></span></h3>
<p data-start=""102"" data-end=""769"">The Tier II/III UC Support Engineer serves as the primary point of contact for all customer support requests within the Unified Communications Practice. This role is responsible for providing advanced technical support, troubleshooting, and resolution of issues related to UC technologies. The engineer handles system outages, performs triage across hardware, software, and network layers, and ensures timely resolution of incidents ranging from minor to complex. Additionally, the role involves collaboration with internal teams, vendors, and customers, and participation in deployment and enhancement projects such as Microsoft Teams and Session Border Controllers.</p>
<h3 data-section-id=""h3a80r"" data-start=""776"" data-end=""806""><span role=""text""><strong data-start=""780"" data-end=""804"">Key Responsibilities</strong></span></h3>
<ul data-start=""807"" data-end=""1867"">
<li data-section-id=""t6pk2o"" data-start=""807"" data-end=""901"">Act as the focal point for customer support requests via voice, email, web, or live calls.</li>
<li data-section-id=""1lasfwm"" data-start=""902"" data-end=""986"">Provide first-line support for system outages, emergencies, and critical issues.</li>
<li data-section-id=""3cyi4f"" data-start=""987"" data-end=""1078"">Perform triage and troubleshooting of hardware, software, and network-related problems.</li>
<li data-section-id=""14izbu9"" data-start=""1079"" data-end=""1153"">Assess customer requirements and recommend appropriate configurations.</li>
<li data-section-id=""1gbwn22"" data-start=""1154"" data-end=""1213"">Manage and administer videoconferencing and AV systems.</li>
<li data-section-id=""1ngzucf"" data-start=""1214"" data-end=""1290"">Monitor system performance and respond proactively to errors and alerts.</li>
<li data-section-id=""81uhvc"" data-start=""1291"" data-end=""1372"">Ensure timely resolution or escalation of issues and maintain SLA compliance.</li>
<li data-section-id=""1bf7g3b"" data-start=""1373"" data-end=""1457"">Maintain accurate and complete documentation through internal ticketing systems.</li>
<li data-section-id=""xgu19m"" data-start=""1458"" data-end=""1534"">Collaborate with internal teams, field engineers, vendors, and partners.</li>
<li data-section-id=""16gux2w"" data-start=""1535"" data-end=""1616"">Support integrations and provide basic application programming when required.</li>
<li data-section-id=""4901u2"" data-start=""1617"" data-end=""1713"">Participate in UC-related projects including Teams and SBC design, deployment, and upgrades.</li>
<li data-section-id=""1tujsj7"" data-start=""1714"" data-end=""1762"">Initiate billing processes where applicable.</li>
<li data-section-id=""lcla52"" data-start=""1763"" data-end=""1820"">Collect and analyze usage statistics and repair logs.</li>
<li data-section-id=""1iu5u4f"" data-start=""1821"" data-end=""1867"">Perform after-hours support when required.</li>
</ul>
<h3 data-section-id=""d1qt8k"" data-start=""1874"" data-end=""1903""><span role=""text""><strong data-start=""1878"" data-end=""1901"">Technical Expertise</strong></span></h3>
<ul data-start=""1904"" data-end=""2533"">
<li data-section-id=""1k5nhvu"" data-start=""1904"" data-end=""1973"">Strong experience in Unified Communications support environments.</li>
<li data-section-id=""10y5dhk"" data-start=""1974"" data-end=""2030"">Expertise in Microsoft Teams and Skype for Business.</li>
<li data-section-id=""69wzua"" data-start=""2031"" data-end=""2103"">Hands-on experience with VoIP technologies and Teams Direct Routing.</li>
<li data-section-id=""e8mqjc"" data-start=""2104"" data-end=""2172"">Experience with Session Border Controllers (AudioCodes, Ribbon).</li>
<li data-section-id=""u4g1he"" data-start=""2173"" data-end=""2228"">Knowledge of Microsoft O365 and Azure environments.</li>
<li data-section-id=""ste6bf"" data-start=""2229"" data-end=""2327"">Experience with integrations between Microsoft Teams and platforms like Genesys Cloud/Connect.</li>
<li data-section-id=""ir63im"" data-start=""2328"" data-end=""2391"">Understanding of networking concepts for telecom solutions.</li>
<li data-section-id=""1n8t312"" data-start=""2392"" data-end=""2470"">Knowledge of Active Directory, DNS, DHCP, and cloud platforms (Azure/AWS).</li>
<li data-section-id=""64ujp9"" data-start=""2471"" data-end=""2533"">Ability to troubleshoot complex system and network issues.</li>
</ul>
<h3 data-section-id=""14gkpqv"" data-start=""2540"" data-end=""2560""><span role=""text""><strong data-start=""2544"" data-end=""2558"">Competency</strong></span></h3>
<p data-start=""2561"" data-end=""2576""><strong data-start=""2561"" data-end=""2574"">Personal:</strong></p>
<ul data-start=""2577"" data-end=""2769"">
<li data-section-id=""1n11zt1"" data-start=""2577"" data-end=""2651"">Strong interpersonal skills, high energy, integrity, and adaptability.</li>
<li data-section-id=""tsp9e6"" data-start=""2652"" data-end=""2711"">Results-oriented with strong problem-solving abilities.</li>
<li data-section-id=""zqi0hq"" data-start=""2712"" data-end=""2769"">Ability to handle challenging situations effectively.</li>
</ul>
<p data-start=""2771"" data-end=""2788""><strong data-start=""2771"" data-end=""2786"">Leadership:</strong></p>
<ul data-start=""2789"" data-end=""2925"">
<li data-section-id=""jxraeo"" data-start=""2789"" data-end=""2854"">Ability to build credibility and influence without authority.</li>
<li data-section-id=""1610jvw"" data-start=""2855"" data-end=""2925"">Maintain a positive attitude while working with diverse customers.</li>
</ul>
<p data-start=""2927"" data-end=""2944""><strong data-start=""2927"" data-end=""2942"">Operations:</strong></p>
<ul data-start=""2945"" data-end=""3096"">
<li data-section-id=""qz8fet"" data-start=""2945"" data-end=""3020"">Ability to manage multiple tasks, projects, and priorities efficiently.</li>
<li data-section-id=""1usmmp5"" data-start=""3021"" data-end=""3096"">Deliver customer-focused solutions while optimizing time and resources.</li>
</ul>
<h3 data-section-id=""1ew34oe"" data-start=""3103"" data-end=""3129""><span role=""text""><strong data-start=""3107"" data-end=""3127"">Technology Stack</strong></span></h3>
<ul data-start=""3130"" data-end=""3492"">
<li data-section-id=""nfz24y"" data-start=""3130"" data-end=""3149"">Microsoft Teams</li>
<li data-section-id=""q8vpo5"" data-start=""3150"" data-end=""3182"">Microsoft Skype for Business</li>
<li data-section-id=""1tixhoj"" data-start=""3183"" data-end=""3201"">Microsoft O365</li>
<li data-section-id=""1lfou8f"" data-start=""3202"" data-end=""3227"">Microsoft Azure / AWS</li>
<li data-section-id=""t0ugs7"" data-start=""3228"" data-end=""3259"">VoIP &amp; Telecom Technologies</li>
<li data-section-id=""x0w6zb"" data-start=""3260"" data-end=""3284"">Teams Direct Routing</li>
<li data-section-id=""133xpfy"" data-start=""3285"" data-end=""3325"">AudioCodes Session Border Controller</li>
<li data-section-id=""fprrvg"" data-start=""3326"" data-end=""3362"">Ribbon Session Border Controller</li>
<li data-section-id=""1fdyxzy"" data-start=""3363"" data-end=""3381"">E911 Solutions</li>
<li data-section-id=""16wc1fv"" data-start=""3382"" data-end=""3413"">Active Directory, DNS, DHCP</li>
<li data-section-id=""xgri2d"" data-start=""3414"" data-end=""3454"">Genesys Cloud / Connect Integrations</li>
<li data-section-id=""1emzkei"" data-start=""3455"" data-end=""3492"">Microsoft CRM (basic familiarity)</li>
</ul>
<h3 data-section-id=""p5g765"" data-start=""3499"" data-end=""3548""><span role=""text""><strong data-start=""3503"" data-end=""3546"">Education, Experience and Certification</strong></span></h3>
<ul data-start=""3549"" data-end=""3759"">
<li data-section-id=""1tc962w"" data-start=""3549"" data-end=""3597"">High school diploma (minimum qualification).</li>
<li data-section-id=""c1zj6d"" data-start=""3598"" data-end=""3665"">Minimum 3 years of experience in a Unified Communications role.</li>
<li data-section-id=""kv2k8d"" data-start=""3666"" data-end=""3759"">Certifications in Microsoft Teams, Ribbon, or AudioCodes are preferred but not mandatory.</li>
</ul>\n<p></p><p><br></p><p></p>\n<p>TTEC Digital and our 1,800+ employees, pioneer engagement and growth solutions that fuel the exceptional customer experience (CX). Our sister company, TTEC Engage, is a 60,000+ employee service company, with customer service representatives located around the world. TTEC Holdings Inc. is the parent company for both Digital and Engage. When clients have a holistic need, they can draw from these independently managed centers of excellence, TTEC Digital and TTEC Engage.<br>&nbsp;<br>We are also delighted to share that TTEC has been awarded the Great Place To Work 2024-2025 certification based on outstanding employee experience across 14 countries.<br>&nbsp;<br>TTEC is a proud equal opportunity employer where all qualified applicants will receive consideration for employment without regard to age, race, color, religion, sex, sexual orientation, gender identity, national origin, disability. TTEC has fully embraced and is committed to expanding our diverse and inclusive workforce. We strive to reflect the communities we serve while delivering amazing service and technology centered around humanity.<br>&nbsp;<br>Rarely do applicants meet all desired job qualifications, so if you feel you would succeed in the role above, please take a moment and share your qualifications.</p><br/><br/>Please mention the word **ENRAPTURE** and tag RMjYwMDoxNzAyOjJlOTA6OWJjMDpjOGIxOjQyYWU6NDQ0ZDplOTQ4 when applying to show you read the job post completely (#RMjYwMDoxNzAyOjJlOTA6OWJjMDpjOGIxOjQyYWU6NDQ0ZDplOTQ4). This is a beta feature to avoid spam applicants. Companies can search these words to find applicants that read this and see they're human.",https://remoteOK.com/remote-jobs/remote-tier-ii-iii-uc-support-engineer-ttec-digital-1131561,2026-05-12T08:01:56+00:00
Nuclear Engineer III Nuclear Safety Analysis,"Deep Fission, Inc",Remote - US,"support, growth, engineer, engineering","Deep Fission is a nuclear technology company pioneering the development of a revolutionary deep borehole pressurized water reactor. We recently completed a private placement financing and Alternative Public Offering and are now operating as a public company while maintaining our startup agility and innovation focus. With strategic partnerships in place, strong private and public investment, and active engagement with the U.S. Nuclear Regulatory Commission (NRC), we are executing our next phase of growth as we advance our groundbreaking nuclear technology toward commercial deployment.

Job Summary:
This position is a nuclear engineer who supports the design, development, and safety analysis of nuclear reactors. Functions within this role include performing calculations and analyses to support nuclear and radiological safety, shielding design, reactivity and criticality control, and core design.

Key Responsibilities:
Execute design, analysis, or evaluation activities using sound engineering principles<br/><br/>Please mention the word **SUBLIME** and tag RMjYwMDoxNzAyOjJlOTA6OWJjMDpjOGIxOjQyYWU6NDQ0ZDplOTQ4 when applying to show you read the job post completely (#RMjYwMDoxNzAyOjJlOTA6OWJjMDpjOGIxOjQyYWU6NDQ0ZDplOTQ4). This is a beta feature to avoid spam applicants. Companies can search these words to find applicants that read this and see they're human.",https://remoteOK.com/remote-jobs/remote-nuclear-engineer-iii-nuclear-safety-analysis-deep-fission-inc-1131560,2026-05-12T08:01:50+00:00
Senior Director Nuclear Programs,"Deep Fission, Inc",Remote - US,"director, system, growth, senior","Deep Fission is a nuclear technology company pioneering the development of a revolutionary deep borehole pressurized water reactor. We recently completed a private placement financing and Alternative Public Offering and are now operating as a public company while maintaining our startup agility and innovation focus. With strategic partnerships in place, strong private and public investment, and active engagement with the U.S. Nuclear Regulatory Commission (NRC), we are executing our next phase of growth as we advance our groundbreaking nuclear technology toward commercial deployment.

Deep Fission is seeking a Director / Senior Director of Nuclear Program Development & Integration to serve as the senior organizational integrator responsible for building and aligning the corporate programs required for regulatory credibility and commercial deployment. As the company scales from early DOE-supported development toward NRC licensing and site-based operations, this role ensures that programs across engineering, quality assurance, procurement, construction, operations, safety, and compliance evolve together as a coherent system â not in isolation.

This is not a functiona<br/><br/>Please mention the word **HAIL** and tag RMjYwMDoxNzAyOjJlOTA6OWJjMDpjOGIxOjQyYWU6NDQ0ZDplOTQ4 when applying to show you read the job post completely (#RMjYwMDoxNzAyOjJlOTA6OWJjMDpjOGIxOjQyYWU6NDQ0ZDplOTQ4). This is a beta feature to avoid spam applicants. Companies can search these words to find applicants that read this and see they're human.",https://remoteOK.com/remote-jobs/remote-senior-director-nuclear-programs-deep-fission-inc-1131559,2026-05-12T08:01:15+00:00
VP of Product and Partnerships,uConnect,Remote,"design, saas, students, ceo, technical, support, education, finance, strategy, management, lead, content, senior, operations, sales, health, engineering, executive, digital nomad","<p>uConnect is on a mission to improve access to career services to help more people realize their potential â early in their lives and throughout their careers.</p>
<p><br>Focused on the US higher education market, uConnect's All-In-One Virtual Career Center is used by leading institutions like UCLA, MIT, and Baton Rouge Community College to transform the career services experience and radically scale career engagement, readiness, and outcomes.</p>
<p><br>We're a mission-driven team working in a fun and collaborative culture that puts people first. We operate as a fully remote organization, encouraging mobility and empowering all employees to work from their ideal environment</p>
<p>&nbsp;</p>
<p>&nbsp;</p>
<p><strong>About the Role</strong></p>
<p><br>As VP of Product and Partnerships at uConnect, you will own the bridge between strategic vision and product reality. Reporting directly to the CEO, you will define and drive a clear, prioritized roadmap, leading the full product lifecycle from discovery through delivery, while building the content partnerships and platform integrations that extend uConnect's value to students and institutions.<br>You will lead customer discovery, shape feature prioritization, and work closely with engineering to ship a product that delivers measurable outcomes for career services teams and the students they serve. You will bring executive presence, deep market understanding, and strong internal communication to a role that sits at the intersection of product, partnerships, and commercial strategy.</p>\n<p></p><p><br></p><b>Job Responsibilities</b><ul>
<li><strong>Product Strategy &amp; Roadmap</strong>: Partner closely with the CEO to translate product vision into a clear, sequenced roadmap with defined milestones, priorities, and success metrics. Own the development and grooming of specific product requirements and communicate roadmap direction clearly across the ELT, engineering, and customer-facing teams.</li>
<li><strong>Market &amp; Customer Intelligence</strong>: Inform the roadmap by developing a deep understanding of customers and market dynamics. Run focus groups, user interviews, customer testing, and structured beta programs. Combine direct customer engagement with a working knowledge of the higher education and workforce ecosystem, strategic buyers, and technology trends to make sharp, well-grounded prioritization decisions.</li>
<li><strong>Strategic Partnerships</strong>: Own all aspects of uConnect's partnership strategy, including content partnerships and platform integrations. Identify, evaluate, and manage relationships with content providers, technology partners, and integration vendors whose offerings enhance the student and career services experience within the Virtual Career Center.</li>
<li><strong>Internal Enablement &amp; GTM Alignment</strong>: Serve as a strong internal communicator and product champion. Support Customer Success, Marketing, and Sales with product messaging, value pitch development, and internal enablement to ensure every customer-facing team can speak confidently to what uConnect builds and why.</li>
<li><strong>Engineering Collaboration</strong>: Bring sufficient technical understanding to collaborate effectively with engineering leadership on planning, scope, sequencing, and delivery. Define requirements and communicate priorities clearly to ensure smooth handoffs throughout the development lifecycle.</li>
<li><strong>Product Monetization</strong>: Bring a track record of implementing monetization strategies and nuanced ideas for expanding monetization within the Virtual Career Center. Partner with Finance and the CEO on packaging, pricing, and feature tiering, including usage-based, outcomes-based, and add-on models, ensuring the roadmap reflects both customer value and commercial opportunity.</li>
<li><strong>AI &amp; Innovation</strong>: Own the product roadmap for AI-powered features and develop a clear vision for leveraging AI internally across product and design operations to scale team capacity and accelerate delivery. Drive a framework for responsible, customer-informed AI product development in the higher education context.</li>
<li><strong>Data Architecture &amp; Strategy</strong>: Bring a strong point of view on how to evolve uConnect's Virtual Career Center into a data-driven platform. Lead the product vision for outcomes data, engagement analytics, and institutional reporting that positions uConnect as essential infrastructure rather than a discretionary tool.</li>
<li><strong>Thought Leadership</strong>: Build and maintain a presence in the higher education, career services, and edtech space. Bring a network, a voice, and the credibility to represent uConnect externally and attract the right partners, customers, and talent.</li>
<li><strong>Team Leadership</strong>: Build and mentor a high-performing product team. As uConnect scales, you will establish the organizational practices, documentation standards, and cross-functional workflows needed to sustain product excellence.&nbsp;</li>
</ul><p><br></p><b>Required Skills &amp; Experience</b><ul>
<li>7+ years of product management experience, including 3+ years in a senior or leadership role at a SaaS company.</li>
<li>Demonstrated ability to translate executive vision into a structured, sequenced product roadmap with clear priorities and measurable outcomes.</li>
<li>Proven track record of owning product requirements end-to-end, from discovery and grooming through delivery and adoption.</li>
<li>Experience running customer research programs including focus groups, user interviews, surveys, and beta testing, with a demonstrated ability to turn customer and market insights into roadmap decisions.</li>
<li>Strong technical understanding sufficient to meaningfully inform roadmap planning and engage credibly with engineering teams in an agile or lean development environment.</li>
<li>Data-driven approach to prioritization and decision-making, with comfort using both qualitative and quantitative inputs.</li>
<li>Executive presence and strong internal communication skills, with the ability to align cross-functional teams and influence at all levels of the organization.</li>
<li>Experience working in a fast-paced, startup or scale-up environment where adaptability and ownership are essential.</li>
<li>Familiarity with modern product tooling (e.g., Jira, Linear, Productboard, Figma, Notion, or equivalents).</li>
<li>Track record of implementing product monetization strategies, with nuanced ideas about packaging, pricing, and expanding revenue within an existing customer base.</li>
<li>Experience building or managing content partnerships and technology integrations, including evaluating partners, negotiating agreements, and managing ongoing relationships with content providers and platform vendors.</li>
<li>A clear vision for applying AI to both product features and internal product and design operations to scale team capacity.</li>
<li>Strong point of view on data architecture and how to evolve a SaaS platform into a data-driven solution that creates defensible long-term value.</li>
<li>Demonstrated thought leadership, network, or external influence in the higher education, edtech, or career services space.</li>
<li>Background in higher education, edtech, career services, or workforce development is strongly preferred. Candidates with direct experience building products for universities, community colleges, or workforce development organizations are highly encouraged to apply.</li>
</ul><p><br></p><b>What You'll Get</b><ul>
<li>Remote work and flexible schedule</li>
<li>Gold PPO health insurance with nation-wide networks covered at 100% for employee premiums and 60% for dependents</li>
<li>Dental insurance covered at 75% for employee premiums and 50% for dependents</li>
<li>Vision insurance covered at 75% for employee premiums</li>
<li>Optional Health and Dependent Care FSAs</li>
<li>One Medical Primary Care Membership</li>
<li>100% vested 401(k) with 100% of employee contributions matched up to the first 3% of pay and 50% of employee&nbsp;contributions matched on the next 2% of pay, after a 90-day waiting period</li>
<li>Employer-paid $50,000 basic life insurance policy</li>
<li>Unlimited paid vacation time</li>
<li>Quarterly mental health days</li>
<li>12 weeks paid parental leave after one year of employment</li>
<li>Home office stipend</li>
<li>Equity participation in uConnectâs stock option program</li>
</ul><p><br></p><p></p>\n<div>$180,000 - $200,000 a year</div>\n<p><strong>What Else Should You Know?</strong><br>At uConnect, we care deeply about our people. We know that a properly incentivized and highly motivated team is critical to our success and seek to ensure our employee experience reflects that. We offer competitive compensation, including participation in a generous employee equity stock option program, a wide range of employee benefits, and are always committed to being an equal-opportunity employer.&nbsp;</p>
<p>&nbsp;</p>
<p><strong>Interested but not sure youâre the right fit?</strong><br>If this sounds like a company you would like to join but this may not be the right role, please don't hold back from reaching out. Whatever skills you bring to the table or background you're coming from, we welcome you to start a conversation with us. Just use the subject line: ""General Interest.""&nbsp;</p><br/><br/>Please mention the word **STRIVING** and tag RMjYwMDoxNzAyOjJlOTA6OWJjMDpjOGIxOjQyYWU6NDQ0ZDplOTQ4 when applying to show you read the job post completely (#RMjYwMDoxNzAyOjJlOTA6OWJjMDpjOGIxOjQyYWU6NDQ0ZDplOTQ4). This is a beta feature to avoid spam applicants. Companies can search these words to find applicants that read this and see they're human.",https://remoteOK.com/remote-jobs/remote-vp-of-product-and-partnerships-uconnect-1131558,2026-05-12T08:00:29+00:00
VP Population Health,Covera Health,Remote,"system, support, growth, lead, operations, medical, health, healthcare, executive","About the company

At Covera, we're committed to ensuring high-quality healthcare is more than just a promise. That's why we're leading the way in the emerging science of quality, and connecting providers and payers in their shared quest to improve patient outcomes and care quality. By tackling this challenge, we have the ability to impact millions of lives by raising the standard of care nationwide.

Our initial focus is radiology, where an early and accurate diagnosis has a profound impact on the rest of a patient's care journey. Through our work, which uses clinically-validated science-based tools, we're helping doctors enhance their care, ensuring patients get the right diagnosis, and enabling the healthcare system to support quality improvement at scale.

Through our clinical intelligence platform, we have launched programs that help people access the most effective care and provide doctors with AI-powered quality insights and tools to enhance their care. Today, Covera is partnered with leading employers, payers and healthcare organizations across the US, including Walmart and Microsoft. And, with a pipeline representing over 25% of insured Americans, we are in the early stages of improving care quality for all patients across the globe.

About the role

As Vice President of Population Health, you will lead and scale Coveraâs Protect Seniors program, a core pillar of the companyâs AI-driven quality platform. This role sits at the intersection of Customer Success and Operations - owning the performance and growth of a proven population health model while serving as the primary relationship owner for our health plan and PCP partners. You will partner closely with the Executive Leadership Team to drive strategy, execution, and outcomes, operating at the center of Coveraâs ecosystem across payers, provid<br/><br/>Please mention the word **OUTDO** and tag RMjYwMDoxNzAyOjJlOTA6OWJjMDpjOGIxOjQyYWU6NDQ0ZDplOTQ4 when applying to show you read the job post completely (#RMjYwMDoxNzAyOjJlOTA6OWJjMDpjOGIxOjQyYWU6NDQ0ZDplOTQ4). This is a beta feature to avoid spam applicants. Companies can search these words to find applicants that read this and see they're human.",https://remoteOK.com/remote-jobs/remote-vp-population-health-covera-health-1131556,2026-05-12T00:01:48+00:00
Freelance SEO AEO Strategist,Smartbug Media/Point Sucess/Globalia,"Remote, United States","technical, strategist, web, javascript, seo, leader, strategy, content, marketing, excel, analytics, sales","<p><span style=""font-size: 11pt"">SmartBug Media is the most decorated HubSpot agency, recognized as a leader in crafting digital solutions that empower organizations to thrive across the entire customer lifecycle. From marketing and sales to revenue operations, customer success, and e-commerce, we combine sound strategies, cutting-edge AI, and digital innovation to deliver solutions that de-risk the future and drive sustainable growth.</span></p><p><br></p><p><span style=""font-size: 11pt"">With a fully remote team of over 250 professionals, we excel at creating intelligent web and digital ecosystemsâfrom corporate websites to complex web applicationsâseamlessly integrated with AI-powered solutions. By aligning SmartBug's expertise with our clients' unique business realities, we build scalable, innovative tools that become engines for growth, setting the course for long-term success.</span></p><p><br></p><p><span style=""font-size: 11pt; font-family: Raleway, sans-serif; font-weight: 500;"">In the role of Strategist, SEO, you will work closely with SmartBug clients and our client services marketing teams to develop and implement strategies to leverage best practices, improve SEO performance, and deliver results for SmartBug clients. This integral role will provide quality standards and processes for keyword research, website SEO audits, implementing Schema, link building, SEO analytics, and implementation of all off-page SEO activities.</span></p>\n<p></p><p><br></p><b>Responsibilities</b><div>
<ul style=""margin-top: 0px; margin-bottom: 0px; padding-inline-start: 48px;"">
<li style=""font-size: 11pt; font-family: Raleway, sans-serif; font-weight: 500;"">
<p style=""margin-top: 12pt; margin-bottom: 0pt;""><span style=""font-size: 11pt;"">Build SEO services and best practices, including keyword research, website SEO audits, implementing Schema, link building, SEO analytics, and implementation of all on-page and off-page SEO activities</span></p>
</li>
<li style=""font-size: 11pt; font-family: Raleway, sans-serif; font-weight: 500;"">
<p style=""margin-top: 0pt; margin-bottom: 0pt;""><span style=""font-size: 11pt;"">Conduct SEO audits of client website performance</span></p>
</li>
<li style=""font-size: 11pt; font-family: Raleway, sans-serif; font-weight: 500;"">
<p style=""margin-top: 0pt; margin-bottom: 0pt;""><span style=""font-size: 11pt;"">Map content strategies to the buyer journey, identifying gaps and prioritizing high-impact topics for organic acquisition.</span></p>
</li>
<li style=""font-size: 11pt; font-family: Raleway, sans-serif; font-weight: 500;"">
<p style=""margin-top: 0pt; margin-bottom: 0pt;""><span style=""font-size: 11pt;"">Develop detailed SEO content briefs, including semantic clusters, recommended structure (Hn), internal linking, and on-page optimizations.</span></p>
</li>
<li style=""font-size: 11pt; font-family: Raleway, sans-serif; font-weight: 500;"">
<p style=""margin-top: 0pt; margin-bottom: 0pt;""><span style=""font-size: 11pt;"">Build analytics reports on keyword and site rankings, site domain performance, backlinks, on-page performance, and organic traffic trends</span></p>
</li>
<li style=""font-size: 11pt; font-family: Raleway, sans-serif; font-weight: 500;"">
<p style=""margin-top: 0pt; margin-bottom: 0pt;""><span style=""font-size: 11pt;"">Diagnose and resolve organic traffic and SEO issues</span></p>
</li>
<li style=""font-size: 11pt; font-family: Raleway, sans-serif; font-weight: 500;"">
<p style=""margin-top: 0pt; margin-bottom: 0pt;""><span style=""font-size: 11pt;"">Set up proper performance tracking on-site domains&nbsp;</span></p>
</li>
<li style=""font-size: 11pt; font-family: Raleway, sans-serif; font-weight: 500;"">
<p style=""margin-top: 0pt; margin-bottom: 0pt;""><span style=""font-size: 11pt;"">Implement Google Search Console and Google Analytics</span></p>
</li>
<li style=""font-size: 11pt; font-family: Raleway, sans-serif; font-weight: 500;"">
<p style=""margin-top: 0pt; margin-bottom: 0pt;""><span style=""font-size: 11pt;"">Inform client services and web team of algorithm updates and SEO news</span></p>
</li>
<li style=""font-size: 11pt; font-family: Raleway, sans-serif; font-weight: 500;"">
<p style=""margin-top: 0pt; margin-bottom: 0pt;""><span style=""font-size: 11pt;"">Advise on best practices around domain, sub-domains, and site architecture</span></p>
</li>
<li style=""font-size: 11pt; font-family: Raleway, sans-serif; font-weight: 500;"">
<p style=""margin-top: 0pt; margin-bottom: 12pt;""><span style=""font-size: 11pt;"">Provide expertise as needed for complex SEO problems/opportunities</span></p>
</li>
<li style=""font-size: 11pt; font-family: Raleway, sans-serif; font-weight: 500;"">
<p style=""margin-top: 12pt; margin-bottom: 0pt;""><span style=""font-size: 11pt;"">Other responsibilities as assigned.</span></p>
</li>
</ul>
</div><p><br></p><b>Technical Skills</b><div>
<ul style=""margin-top: 0px; margin-bottom: 0px; padding-inline-start: 48px;"">
<li style=""font-size: 11pt; font-family: Raleway, sans-serif; font-weight: 500;"">
<p style=""margin-top: 12pt; margin-bottom: 0pt;""><strong><span style=""font-size: 11pt;"">Lead technical SEO audits</span></strong><span style=""font-size: 11pt;""> to identify and prioritize issues related to crawlability, indexability, site speed, rendering, and mobile-friendliness.</span></p>
</li>
<li style=""font-size: 11pt; font-family: Raleway, sans-serif; font-weight: 500;"">
<p style=""margin-top: 0pt; margin-bottom: 0pt;""><strong><span style=""font-size: 11pt;"">Collaborate with development teams</span></strong><span style=""font-size: 11pt;""> to implement complex technical SEO recommendations, including schema markup, hreflang tags, canonicalization, and XML sitemaps.</span></p>
</li>
<li style=""font-size: 11pt; font-family: Raleway, sans-serif; font-weight: 500;"">
<p style=""margin-top: 0pt; margin-bottom: 0pt;""><strong><span style=""font-size: 11pt;"">Conduct in-depth analysis of website architecture</span></strong><span style=""font-size: 11pt;""> and provide recommendations for optimizing site structure, internal linking, and URL parameters for SEO performance.</span></p>
</li>
<li style=""font-size: 11pt; font-family: Raleway, sans-serif; font-weight: 500;"">
<p style=""margin-top: 0pt; margin-bottom: 0pt;""><strong><span style=""font-size: 11pt;"">Develop and implement strategies for international SEO</span></strong><span style=""font-size: 11pt;"">, including managing hreflang attributes and understanding geo-targeting considerations.</span></p>
</li>
<li style=""font-size: 11pt; font-family: Raleway, sans-serif; font-weight: 500;"">
<p style=""margin-top: 0pt; margin-bottom: 0pt;""><strong><span style=""font-size: 11pt;"">Stay abreast of emerging technical SEO trends</span></strong><span style=""font-size: 11pt;""> and algorithm updates, translating them into actionable strategies and recommendations for clients.</span></p>
</li>
<li style=""font-size: 11pt; font-family: Raleway, sans-serif; font-weight: 500;"">
<p style=""margin-top: 0pt; margin-bottom: 0pt;""><strong><span style=""font-size: 11pt;"">Oversee the technical aspects of website migrations</span></strong><span style=""font-size: 11pt;"">, redesigns, and platform changes to ensure minimal impact on organic search performance.</span></p>
</li>
<li style=""font-size: 11pt; font-family: Raleway, sans-serif; font-weight: 500;"">
<p style=""margin-top: 0pt; margin-bottom: 0pt;""><strong><span style=""font-size: 11pt;"">Experience with JavaScript SEO</span></strong><span style=""font-size: 11pt;""> and understanding how search engines crawl &amp; LLM and render dynamic content.</span></p>
</li>
<li style=""font-size: 11pt; font-family: Raleway, sans-serif; font-weight: 500;"">
<p style=""margin-top: 0pt; margin-bottom: 0pt;""><strong><span style=""font-size: 11pt;"">Demonstrate curiosity and expertise in how AI and LLM influence SEO strategy and search behavior</span></strong><span style=""font-size: 11pt;""> and proactively apply these insights to enhance client deliverables.</span></p>
</li>
<li style=""font-size: 11pt; font-family: Raleway, sans-serif; font-weight: 500;"">
<p style=""margin-top: 0pt; margin-bottom: 12pt;""><strong><span style=""font-size: 11pt;"">Optional: Utilize server log file analysis</span></strong><span style=""font-size: 11pt;""> to gain insights into how search engines crawl and interact with the website.</span></p>
</li>
</ul>
</div><p><br></p><b>Experience and Education</b><div>
<ul style=""margin-top: 0px; margin-bottom: 0px; padding-inline-start: 48px;"">
<li style=""font-size: 11pt; font-family: Raleway, sans-serif; font-weight: 500;"">
<p style=""margin-top: 12pt; margin-bottom: 0pt;""><span style=""font-size: 11pt;"">B.A. or B.S. degree is required</span></p>
</li>
<li style=""font-size: 11pt; font-family: Raleway, sans-serif; font-weight: 500;"">
<p style=""margin-top: 0pt; margin-bottom: 0pt;""><span style=""font-size: 11pt;"">French and English proficiency</span></p>
</li>
<li style=""font-size: 11pt; font-family: Raleway, sans-serif; font-weight: 500;"">
<p style=""margin-top: 0pt; margin-bottom: 0pt;""><span style=""font-size: 11pt;"">5-8 years of progressive SEO experience with a digital marketing agency or in-house team</span></p>
</li>
<li style=""font-size: 11pt; font-family: Raleway, sans-serif; font-weight: 500;"">
<p style=""margin-top: 0pt; margin-bottom: 0pt;""><span style=""font-size: 11pt;"">Proven track record and hands-on experience successfully developing and implementing SEO strategies for multi-domain and multinational websites</span></p>
</li>
<li style=""font-size: 11pt; font-family: Raleway, sans-serif; font-weight: 500;"">
<p style=""margin-top: 0pt; margin-bottom: 0pt;""><span style=""font-size: 11pt;"">Comprehensive knowledge of organic search and search engine ranking algorithms, including both on-page and off-page SEO activities</span></p>
</li>
<li style=""font-size: 11pt; font-family: Raleway, sans-serif; font-weight: 500;"">
<p style=""margin-top: 0pt; margin-bottom: 0pt;""><span style=""font-size: 11pt;"">Expert knowledge working with SEO platforms and tools; for example, Google Analytics, Google Tag Manager, Search Console, Semrush, Moz, Screaming Frog, Schema.org</span></p>
</li>
<li style=""font-size: 11pt; font-family: Raleway, sans-serif; font-weight: 500;"">
<p style=""margin-top: 0pt; margin-bottom: 0pt;""><span style=""font-size: 11pt;"">Proficiency and knowledge of web development best practices and processes (code ability is not required)</span></p>
</li>
<li style=""font-size: 11pt; font-family: Raleway, sans-serif; font-weight: 500;"">
<p style=""margin-top: 0pt; margin-bottom: 0pt;""><span style=""font-size: 11pt;"">Advanced skills in reporting and Excel/Google Sheets, including pivot tables and advanced functions</span></p>
</li>
<li style=""font-size: 11pt; font-family: Raleway, sans-serif; font-weight: 500;"">
<p style=""margin-top: 0pt; margin-bottom: 0pt;""><span style=""font-size: 11pt;"">Experience with HubSpot or marketing automation platforms preferred yet not required</span></p>
</li>
<li style=""font-size: 11pt; font-family: Raleway, sans-serif; font-weight: 500;"">
<p style=""margin-top: 0pt; margin-bottom: 0pt;""><span style=""font-size: 11pt;"">Proven experience finding, analyzing, and assimilating market and customer data into SEO strategies</span></p>
</li>
<li style=""font-size: 11pt; font-family: Raleway, sans-serif; font-weight: 500;"">
<p style=""margin-top: 0pt; margin-bottom: 0pt;""><span style=""font-size: 11pt;"">Experience presenting to clients or executive-level team members preferred</span></p>
</li>
<li style=""font-size: 11pt; font-family: Raleway, sans-serif; font-weight: 500;"">
<p style=""margin-top: 0pt; margin-bottom: 0pt;""><span style=""font-size: 11pt;"">Excellent writing skills and a strong understanding of best practices for SEO-friendly content</span></p>
</li>
<li style=""font-size: 11pt; font-family: Raleway, sans-serif; font-weight: 500;"">
<p style=""margin-top: 0pt; margin-bottom: 0pt;""><span style=""font-size: 11pt;"">Proficiency in Google Suite</span></p>
</li>
<li style=""font-size: 11pt; font-family: Raleway, sans-serif; font-weight: 500;"">
<p style=""margin-top: 0pt; margin-bottom: 12pt;""><span style=""font-size: 11pt;"">Experience working remotely in similar roles is strongly preferred</span></p>
</li>
</ul>
</div><p><br></p><p></p>\n<div>$60 - $75 an hour</div>\n<br/><br/>Please mention the word **CHARMINGLY** and tag RMjYwMDoxNzAyOjJlOTA6OWJjMDpjOGIxOjQyYWU6NDQ0ZDplOTQ4 when applying to show you read the job post completely (#RMjYwMDoxNzAyOjJlOTA6OWJjMDpjOGIxOjQyYWU6NDQ0ZDplOTQ4). This is a beta feature to avoid spam applicants. Companies can search these words to find applicants that read this and see they're human.",https://remoteOK.com/remote-jobs/remote-freelance-seo-aeo-strategist-smartbug-media-point-sucess-globalia-1131555,2026-05-12T00:01:21+00:00
Operations and Support Associate,Emora Health,,"system, support, growth, adult, operations, operational, medical, health","<p style=""min-height:1.5em""><strong>Who We Are at Emora Health:</strong><br />Emora Health is a provider of virtual behavioral therapy for the millions of youth in need of care. Our platform matches families with therapists to provide care for children, teens and young adults with a range of conditions including ADHD, Anxiety, Depression, Trauma, as well as other personal challenges and experiences.<br />Emora Health is a venture-backed company with a vision of providing more effective and more personalized care for every child, teen and young adult in need. Our therapists help children, teens and young adults learn new behaviors and healthy coping strategies to reach life-changing milestones faster and build life-long skills and resilience for a brighter future. You can learn more about us on our website.<br /><strong>Operations &amp; Support Associate at Emora Health:</strong><br />We are looking for a dynamic candidate to join the rapidly evolving and high-growth business at Emora Health. The role involves partnering closely with new and existing clients, as well as our clinical team of therapists and psychologists, to provide the best client experience possible while under our care. This will be a role with significant ownership across hands-on interactions with clients, strategic thinking around improving workflows, and identifying gaps and needs in our client engagement and onboarding strategy. This role will also own new operational projects as they arise to support the growth and scalability of the business.<br />This position is critical in ensuring clients receive the care that they need and that Emora Health can reach the most clients with the highest quality of care. This role will be an early member of a growing world-class operations and support team that will enable better care for clients across the United States.<br /><strong>What Youâll Do:</strong></p><ul style=""min-height:1.5em""><li><p style=""min-height:1.5em"">Communicate directly with clients and their families to support client onboarding, scheduling, and ongoing care</p></li><li><p style=""min-height:1.5em"">Partnering closely with our therapists and psychologists to help with seamless coordination of care</p></li><li><p style=""min-height:1.5em"">Identify new opportunities to enhance client operations and support workflows and supporting the setup of new client engagement strategies</p></li><li><p style=""min-height:1.5em"">Tracking and reporting operational performance across relevant KPIs, and conducting deep-dive investigations to understand the âwhyâ behind how metrics are performing</p></li><li><p style=""min-height:1.5em"">Analyzing operational data to identify bottlenecks (e.g. time-to-first-appointment) and launching experiments to improve them.</p></li><li><p style=""min-height:1.5em"">Supporting the development and implementation of automated scalable processes to improve operational efficiency, and system and data improvements</p></li><li><p style=""min-height:1.5em"">Working cross-functionally with operations, leadership, and clinical teams</p></li></ul><p style=""min-height:1.5em""><strong>Who You Are:</strong></p><ul style=""min-height:1.5em""><li><p style=""min-height:1.5em"">Passionate about supporting clients and their families in providing life-changing behavioral healthcare</p></li><li><p style=""min-height:1.5em"">An empathetic communicator who can understand and connect to a broad range of clients, families, and their needs</p></li><li><p style=""min-height:1.5em"">Able to handle client interactions across phone, text, and email, demonstrating warmth and empathy, with a focus on de-escalation when necessary.</p></li><li><p style=""min-height:1.5em"">Passionate about using AI to improve your own productivity and productivity of the team</p></li><li><p style=""min-height:1.5em"">Responsive, flexible, and attentive to detail with the ability to manage priorities across multiple client processes, inquiries, and projects</p></li><li><p style=""min-height:1.5em"">Demonstrated strengths in planning, time management, problem solving, and attention to detail</p></li><li><p style=""min-height:1.5em"">Ability to work US Eastern Time hours</p></li><li><p style=""min-height:1.5em"">Experience with Google Sheets or Excel, with the ability to manage reporting</p></li></ul><p style=""min-height:1.5em""><strong>What We Offer</strong></p><ul style=""min-height:1.5em""><li><p style=""min-height:1.5em"">Opportunity for career growth</p></li><li><p style=""min-height:1.5em"">A chance to make a tangible difference in our clients lives</p></li><li><p style=""min-height:1.5em"">A diverse and international team devoted to Emora Healthâs mission</p></li></ul><p style=""min-height:1.5em""><em>The above job description is meant to describe the general nature and level of work being performed; it is not intended to be construed as an exhaustive list of all responsibilities, duties, and skills required for the position.</em><br /><em>Emora Health is an equal opportunity employer that is committed to providing all employees with a work environment free of discrimination and harassment. We celebrate diversity and welcome applicants from every background and life experience.</em></p><div style=""min-height:1.2em;margin-top:0;margin-bottom:0"">Â </div><div style=""min-height:1.2em;margin-top:0;margin-bottom:0"">Â </div><div style=""min-height:1.2em;margin-top:0;margin-bottom:0"">Â </div><div style=""min-height:1.2em;margin-top:0;margin-bottom:0"">Â </div><div style=""min-height:1.2em;margin-top:0;margin-bottom:0"">Â </div><div style=""min-height:1.2em;margin-top:0;margin-bottom:0"">Â </div><div style=""min-height:1.2em;margin-top:0;margin-bottom:0"">Â </div><div style=""min-height:1.2em;margin-top:0;margin-bottom:0"">Â </div><div style=""min-height:1.2em;margin-top:0;margin-bottom:0"">Â </div><br/><br/>Please mention the word **ELITE** and tag RMjYwMDoxNzAyOjJlOTA6OWJjMDpjOGIxOjQyYWU6NDQ0ZDplOTQ4 when applying to show you read the job post completely (#RMjYwMDoxNzAyOjJlOTA6OWJjMDpjOGIxOjQyYWU6NDQ0ZDplOTQ4). This is a beta feature to avoid spam applicants. Companies can search these words to find applicants that read this and see they're human.",https://remoteOK.com/remote-jobs/remote-operations-and-support-associate-emora-health-1131554,2026-05-12T00:01:15+00:00
Performance Marketing Manager,GiddyUp,Remote,"manager, support, testing, test, growth, education, strategy, senior, marketer, marketing, analytics, sales, ecommerce, e-commerce","<p><b>About GiddyUp</b></p><p><br></p><p>GiddyUp is a performance-based Partner Marketing Platform and Agency thatâs generated over $<a href=""http://1.5B"">1.5B</a> in sales for innovative DTC brandsâwithout raising a dollar of VC funding.&nbsp;</p><p><br></p><p>Founded in 2013, weâve been bootstrapped and profitable since day one, and our entire model is built around one thing: we only get paid when we deliver results.&nbsp;</p><p><br></p><p>We combine elite strategy, creative, media, and analytics under one roof, supported by our proprietary funnel-building and e-commerce checkout software, engineered specifically for high-converting, scalable direct response. Itâs not just best-in-class, itâs the backbone behind dozens of 7, 8, and 9-figure DTC offers.&nbsp;</p><p><br></p><p>Weâre an agile, tight-knit team of marketers, creatives, data analysts, and operators who are obsessed with winning. Every person here is driven to push boundaries, test relentlessly, and grow because at GiddyUp, standing still isnât an option. If you're looking to join a company where performance isnât a departmentâ¦ itâs the culture, this is that place.</p><p><br></p><p><br></p><p>
</p><p><strong>About the Role:&nbsp;</strong></p>
<p>&nbsp;</p>
<p>
</p><p>This is a high-growth opportunity for a sharp, driven marketer who wants to learn performance marketing the right way â in the weeds, at scale, with real accountability.</p>
<p>GiddyUp's Performance Marketing Manager will work directly under GiddyUp's Senior Performance Marketing Manager, supporting the execution of pricing, promotional, and experimentation initiatives across our portfolio of DTC offers. This is not a passive support role. You'll be in the work everyday â running tests, pulling analysis, building frameworks, and contributing meaningfully to offer performance across the network.</p>
<p>What makes this role unique is the GiddyUp model itself. Our PMMs wear more hats than you'll find almost anywhere else in the industry â blending offer strategy, consumer psychology, funnel design, and statistically rigorous experimentation into a single function. You won't specialize into one narrow lane. You'll develop across all of them.</p>
<p><strong>If you're 2â4 years into your career, hungry to accelerate, and want to be coached by someone doing this at the highest level â this is the role.</strong></p>
<p></p>
<p></p>\n<p></p><p><br></p><b>What Youâll Do:&nbsp;</b><p><strong>Pricing &amp; Promotional Execution</strong></p>
<ul>
<li>
<p>Support the development and execution of pricing, bundling, and promotional strategies across assigned offers.</p>
</li>
<li>
<p>Help build and refine offer frameworks including bundle ladders, upsell flows, discount structures, and promotional mechanics.</p>
</li>
<li>
<p>Execute promotional structures such as BOGOs, limited-time discounts, free gift offers, and urgency-based mechanics â ensuring flawless setup and QA.</p>
</li>
<li>
<p>Apply psychological pricing principles and perceived value tactics under the guidance of the Senior PMM to drive conversion and AOV improvements.</p>
</li>
<li>
<p>Define how pricing and promotions are presented across landing pages and funnels â offer sections, CTAs, urgency elements, and social proof â in coordination with Creative Strategy.</p>
</li>
</ul>
<p><strong>Experimentation &amp; Analysis</strong></p>
<ul>
<li>
<p>Execute pricing and promotion experiments in Statsig under the direction of the Senior PMM â from test setup and instrumentation to readout and documentation.</p>
</li>
<li>
<p>Support hypothesis development, defining primary success metrics and guardrail metrics for assigned tests.</p>
</li>
<li>
<p>Analyze experiment results rigorously, interpreting tradeoffs across AOV, AOM, RPS, EPC, refund rate, and network margin.</p>
</li>
<li>
<p>Partner with Data to ensure clean test design, accurate instrumentation, and reliable reporting.</p>
</li>
<li>
<p>Maintain organized experiment logs and readouts that create institutional knowledge and feed future roadmap decisions.</p>
</li>
</ul>
<p><strong>Cross-Functional Collaboration</strong></p>
<ul>
<li>
<p>Build strong working relationships with Campaign Success Managers (CSMs), Campaign Ops, Creative Strategy, Data, and Traffic teams.</p>
</li>
<li>
<p>Partner with Campaign Ops to execute, QA, and launch tests accurately across platforms.</p>
</li>
<li>
<p>Work with Creative Strategy to ensure pricing intent is reflected in copy, visuals, and storytelling.</p>
</li>
<li>
<p>Collaborate with Traffic and Media Buying to validate test results at scale and support CPA increase conversations tied to performance improvements.</p>
</li>
<li>
<p>Support post-purchase offer development, upsell flows, and cross-sell strategies to maximize order value.</p>
</li>
</ul><p><br></p><b>Competencies:&nbsp;</b><div>
<p><strong>Universal</strong>&nbsp;</p>
<ul>
<li>
<p>Collaboration &amp; Teamwork: works collaboratively with managers, colleagues, and external stakeholders to achieve identified goals and objectives; works to create alignment across teams.; Is consistent, predictable, and easy to work with</p>
</li>
<li>
<p>Communication: conveys information in a clear, accurate, and appropriate way in verbal and written communications; considers tone, attitude, and intention when communicating with a coworker, group or external stakeholder; acknowledges that oneâs experience and opinion is oneâs own</p>
</li>
<li>
<p>Ownership: takes ownership of work, projects, challenges and outcomes; fulfills commitments and addresses blockers; Is self-directed and consistent in meeting job requirements and objectives&nbsp;&nbsp;</p>
</li>
<li>
<p>Technological Fluency: is proficient in the use of work-related software, technology, and tools required to perform one or more of the responsibilities related to oneâs role; stays up to speed on new technologies and leverages technology to increase productivity and efficiency</p>
</li>
</ul>
<p><strong>Department</strong></p>
<ul>
<li>
<p>Campaign Strategy: Effectively manages GiddyUp's campaign performance strategies by analyzing data collected from testing and translating findings into actionable results that improve GiddyUp's campaign strategy&nbsp;</p>
</li>
<li>
<p>Revenue Optimization: Effectively increases campaigns and offer profitability through strategic testing and experimentation</p>
</li>
<li>
<p>Funnel Analytics: Effectively traces visitor and user journeys throughout GiddyUp's websites and landing pages and tests and optimizes visitor and user journeys in order to increase funnel conversion at the end of each stage</p>
</li>
</ul>
</div><p><br></p><b>What Success Looks like over the next 12 months: </b><div>
<ul>
<li>
<p><strong>What you will have accomplished 90 days in:&nbsp;</strong></p>
<ul>
<li>
<p>Complete onboarding across GiddyUp's platforms, systems, and experimentation frameworks â with a working command of Statsig, Tableau, and our core offer infrastructure.</p>
</li>
<li>
<p>Develop a strong foundational understanding of how pricing and promotion initiatives impact AOV, AOM, RPS, and network margin.</p>
</li>
<li>
<p>Support the execution and analysis of live pricing and promotion tests, contributing to hypothesis development, QA, and readouts under close guidance.</p>
</li>
<li>
<p>Build productive working relationships with CSMs and cross-functional partners.</p>
</li>
</ul>
</li>
<li>
<p><strong>What you will have accomplished 6 months in:&nbsp;</strong></p>
<ul>
<li>
<p>Operate as a reliable execution partner to the Senior PMM â taking direction confidently and delivering quality work with increasing speed and independence.</p>
</li>
<li>
<p>Launch, analyze, and document pricing and promotion experiments end-to-end within established frameworks.</p>
</li>
<li>
<p>Demonstrate a working command of GiddyUp's experimentation methodology and a growing intuition for offer performance.</p>
</li>
<li>
<p>Contribute meaningfully to scaling winning strategies across additional traffic and brands.</p>
</li>
</ul>
</li>
<li>
<p><strong>What you will have accomplished 12 months in:&nbsp;</strong></p>
<ul>
<li>
<p>Operate with increasing autonomy as a trusted execution partner to the Senior PMM â proactively identifying tasks, surfacing opportunities, and initiating work within established frameworks without needing to be directed on every step.</p>
</li>
<li>
<p>Demonstrate a strong working command of GiddyUp's experimentation infrastructure (Statsig), pricing and promotion mechanics, and cross-functional workflows.</p>
</li>
<li>
<p>Be recognized by CSMs and cross-functional partners as a dependable, knowledgeable collaborator.</p>
</li>
<li>
<p>Show the instincts, initiative, and output quality that signal readiness for expanded responsibility over time.</p>
</li>
</ul>
</li>
</ul>
</div><p><br></p><b>Tools &amp; Technology: </b><div>
<ul>
<li>
<p>Statsig (highly preferred) or equivalent experimentation platform</p>
</li>
<li>
<p>Tableau</p>
</li>
<li>
<p>GiddyUp Ecommerce Platform</p>
</li>
<li>
<p>Google Analytics</p>
</li>
<li>
<p>Monday.com</p>
</li>
<li>
<p>Slack</p>
</li>
<li>
<p>Excel/Google Sheets</p>
</li>
</ul>
</div><p><br></p><b>Required Education &amp; Experience: </b><div>
<ul>
<li>
<p>2â4 years of experience in performance marketing, direct-response, growth marketing, or a closely related field.</p>
</li>
<li>
<p>Hands-on experience with eCommerce or DTC offers â with exposure to pricing, promotional, or conversion optimization work.</p>
</li>
<li>
<p>Familiarity with experimentation concepts: A/B testing, hypothesis development, metric interpretation.</p>
</li>
<li>
<p>Strong analytical skills and comfort working with data to support decisions and document results.</p>
</li>
<li>
<p>Highly organized, detail-oriented, and able to manage multiple workstreams without dropping balls.</p>
</li>
</ul>
</div><p><br></p><b>Preferred Education &amp; Experience:&nbsp;</b><ul>
<li>Bachelor's degree in marketing or related field</li>
<li>
<p>Experience with Statsig or a similar structured experimentation platform.</p>
</li>
<li>
<p>Background in affiliate or partner marketing.</p>
</li>
<li>
<p>Exp working in a start-up environment or in a small - medium sized company&nbsp;</p>
</li>
<li>
<p>Demonstrated results improving AOV, AOM, or RPS.</p>
</li>
<li>
<p>Experience working in fast-paced, high-growth, or performance-driven environments.</p>
</li>
</ul><p><br></p><p></p>\n<p><b>Work Environment: </b></p><p><br></p><p>GiddyUp strives to provide a flexible, fun working environment. GiddyUp is a remote company and weâre looking for reliable team members who can succeed in a fully remote environment.</p><br/><br/>Please mention the word **ADULATION** and tag RMjYwMDoxNzAyOjJlOTA6OWJjMDpjOGIxOjQyYWU6NDQ0ZDplOTQ4 when applying to show you read the job post completely (#RMjYwMDoxNzAyOjJlOTA6OWJjMDpjOGIxOjQyYWU6NDQ0ZDplOTQ4). This is a beta feature to avoid spam applicants. Companies can search these words to find applicants that read this and see they're human.",https://remoteOK.com/remote-jobs/remote-performance-marketing-manager-giddyup-1131553,2026-05-12T00:01:08+00:00
Manager Platform Engineering,Natera,US Remote,"manager, technical, support, developer, director, cloud, lead, reliability, engineering, digital nomad","Manager, Platform Engineering

Location: US - Remote
Experience: 8+ years in Cloud/Platform/Infrastructure Engineering.

About the Role

As the Manager of Platform Engineering, you will lead the backbone of Nateraâs infrastructure. You arenât just managing a team, you are the Product Manager of our Cloud Ecosystem. You will oversee three critical high-performing workstreams: Cloud Engineering, Orchestration and Kafka, consisting of several elite engineers, including Staff-level experts.

At Natera, we don't just ""provide infrastructure"", we build an AI-native Internal Developer Platform (IDP). Your mission is to ensure that our cloud environment doesn't just support workloads, but makes deploying and scaling them effortless for every engineering team in the company.

We operate with a ""Platform as a Product"" philosophy. This means you will treat our internal developers as customers, seeking to understand their friction points and delivering a seamless, self-service experience that balances speed with enterprise-grade guardrails. Reporting directly to the Director of Platform Engineering, you will have the autonomy to define the roadmap, align stakeholders across the organization, and lead your team to execute on a vision that directly impacts Nateraâs ability to innovate at scale.

In your first 6 months, you will:

Establish the North Star: Take over a high-performing team and refine the strategic roadmap for our cloud and event-streaming services.
Deliver with Precision: Close out high-impact, in-flight projects while maintaining the stability and reliability of our production environments.
Drive Customer Success: Achieve high internal satisfaction scores by treating the platform as a world-class product used by the entire Natera engineering organization.

What Youâll Do

Strategic Leadership & Product Ownership

Define the Vision: Own the multi-year roadmap for Nateraâs Cloud, Orchestration, and Kafka ecosystems, aligning technical debt<br/><br/>Please mention the word **LAUDABLY** and tag RMjYwMDoxNzAyOjJlOTA6OWJjMDpjOGIxOjQyYWU6NDQ0ZDplOTQ4 when applying to show you read the job post completely (#RMjYwMDoxNzAyOjJlOTA6OWJjMDpjOGIxOjQyYWU6NDQ0ZDplOTQ4). This is a beta feature to avoid spam applicants. Companies can search these words to find applicants that read this and see they're human.",https://remoteOK.com/remote-jobs/remote-manager-platform-engineering-natera-1131552,2026-05-12T00:01:02+00:00
Vice President DRG,EnableComp,,"training, support, growth, financial, education, management, lead, senior, operational, health, healthcare","<p>
</p><p>EnableComp provides Specialty Revenue Cycle Management solutions for healthcare organizations, leveraging over 24 years of industry-leading expertise and its unified&nbsp;<em>E360 RCM</em>â¢ intelligent automation platform to improve financial sustainability for hospitals, health systems, and ambulatory surgery centers (ASCs) nationwide. Powered by proprietary algorithms, iterative&nbsp;intelligence from 10M+ processed claims, and expert human-in-the-loop integration, EnableComp provides solutions across the revenue lifecycle for Veterans Administration, Workersâ Compensation, Motor Vehicle Accidents, and Out-of-State Medicaid claims as well as denials for all payer classes. By partnering with clients to supercharge the reimbursement process, EnableComp removes the burden of payment from patients and provider organizations while enabling accelerated cash, higher and more accurate yield, clean AR management, reduced denials, and data-rich performance management. EnableComp is a multi-year recipient the Top Workplaces award and was recognized as Black Book's #1 Specialty Revenue Cycle Management Solution provider in 2024 and is among the top one percent of companies to make the Inc. 5000 list of the fastest-growing private companies in the United States for the last eleven years.&nbsp;<br><br><br></p>
<p><u><strong>Position Summary</strong></u></p>
<p>
</p><p>The <strong>VP, DRG </strong>is responsible for providing leadership and supervision to the Revenue Recovery products under the Denials umbrella, including Diagnosis-Related Group (DRG &amp; DRGV), and Medical Necessity Denials and Emergency (ED) Downgrades, for the purpose of obtaining quantifiable results and setting priorities for direct reports. Leads dedicated product and service teams across Revenue Integrity to deliver best-in-class results to clients while ensuring clinical coding integrity and regulatory compliance. The VP possesses strong leadership and communication skills and reports regularly to senior management on obstacles, challenges, and opportunities that impact the Companyâs revenue projections. The VP is accountable for developing and supporting leadership within the department, while driving operational performance, client satisfaction, and continuous improvement across Revenue Recovery.</p>
<p></p>
<p></p>\n<p></p><p><br></p><b>Job Responsibilities Include</b><div>
<div>
<ul>
<li>Acts as a subject matter expert in EnableComp Revenue Integrity related products, including DRG &amp; DRGV, and Medical Necessity Denials &amp; ED Downgrades).</li>
<li>Define and establish departmental goals, financial targets, and key performance indicators that align with company objectives.</li>
<li>Assists in setting the strategic direction of the Revenue Recovery and identifies areas of continuous improvement in conjunction with the senior leadership team.</li>
<li>Oversee the development of quality and productivity metrics and benchmarks for Revenue Recovery functions based on industry standards and internal benchmarks.</li>
<li>Acts as a key resource with the creation, communication, and training of process changes, and operational best practices within Revenue Recovery.</li>
<li>Ensure the processes and inventory are in place to hit monthly, quarterly, and annual revenue expectations for the company.</li>
<li>Responsible for hiring, staff training, and oversight, including annual goal planning, performance reviews, workload distribution, and regular monitoring of team performance. Ability to direct and motivate staff.</li>
<li>Coordinate resources throughout the organization to address action plans for assigned clients and projects.</li>
<li>Collaborate cross-functionally with other senior leaders to guide corporate planning, resource allocation, and strategic partnerships.</li>
<li>Responsible for setting daily priorities to ensure the most impactful work is prioritized and appropriately staffed.</li>
<li>Measures and monitors key performance metrics and delivers concise performance reporting to stakeholders with corrective action plans for variances when appropriate. Ensures these metrics are cascaded throughout the organization.</li>
<li>Take the lead in explaining variances to management on a regular basis regarding DRG reviews, billing activity, and revenue metrics.</li>
<li>Researches and analyzes operational processes and systems to identify process improvement opportunities and SOP enhancements.</li>
<li>Participate in high-level client relationships and ensure client satisfaction through regular performance updates, collaboration, and resolution of escalated concerns.</li>
<li>Oversee the development of training materials and evaluates trends to support onboarding, ongoing education, and quality improvement.</li>
<li>Develops a high-performing team through effective leadership, coaching, and accountability to build a high-performing, scalable organizational structure.</li>
<li>Maintain a current working knowledge of all related regulatory and compliance requirements (including HIPAA and coding guidelines) and ensures staff adherence through training, process updates, and policy alignment.</li>
<li>Maintain a strong knowledge of DRG coding, clinical documentation, and reimbursement methodologies.</li>
<li>Other duties as required</li>
</ul>
</div>
</div><p><br></p><b>Requirements &amp; Qualifications</b><div>
<div>
<ul>
<li>Bachelorâs degree in health information management, Nursing, Healthcare Administration, Business, or related field required; Masterâs degree preferred.</li>
<li>Active Certified Coding Specialist (CCS), RHIT, or RHIA strongly preferred.</li>
<li>7-10 yearsâ of progressive leadership experience in healthcare reimbursement, with 5+ years in clinical denials or inpatient claims environments.</li>
<li>Experience working with internal teams while serving in a client facing or client support role.</li>
<li>Strong understanding of inpatient coding, DRG reimbursement methodology, medical record auditing, and payer guidelines.</li>
<li>Experience navigating hospital revenue cycle environments and working with large-scale data/reporting tools.</li>
<li>Demonstrated ability to operate effectively at both strategic and operational levels.</li>
<li>Timely and regular attendance.</li>
<li>Equivalent combination of education and experience will be considered</li>
<li>To perform this job successfully, an individual must be able to perform each essential duty satisfactorily. Reasonable accommodations may be made to enable qualified individuals with disabilities to perform the essential functions.</li>
</ul>
</div>
</div><p><br></p><b>Special Considerations &amp; Prerequisites</b><div>
<div>
<ul>
<li>Practices and adheres to EnableCompâs Core Values, Vision and Mission.</li>
<li>Travel 0-10%; general office environment</li>
<li>Strong and professional written and oral communications skills.</li>
<li>Has worked in a production environment and can meet deadlines.&nbsp;Provide examples of goals measurement for yourself and your team.</li>
<li>Excellent people skills to interface with multiple internal stakeholders.</li>
<li>Proven success in obtaining quantifiable results from and setting priorities for direct reports.&nbsp;Describe how you manage to individual goals.&nbsp;</li>
<li>Organized and can handle multiple projects simultaneously.</li>
<li>Health care experience and familiarity with payer or provider data sets.</li>
<li>Ability to set and manage multiple priorities among several teams.&nbsp;</li>
<li>Experience communicating obstacles &amp; challenges and developing action plans to present to management.&nbsp;Provide examples.&nbsp;</li>
</ul>
</div>
</div><p><br></p><p></p>\n<p>
</p><p>
</p><p>
</p><p><em>EnableComp is an Equal Opportunity Employer M/F/D/V. All applicants will be considered for this position based upon experience and knowledge, without regard to race, color, religion, national origin, sexual orientation, ancestry, marital, disabled or veteran status. We are committed to creating and maintaining a workforce environment that is free from any form of discrimination or harassment.</em></p>
<p>&nbsp;</p>
<p>EnableComp recruits, develops and retains the industry's top talent.&nbsp; As the employer of choice in the complex claims industry, EnableComp takes pride in our continuous commitment to building and maintaining a culture centered around fostering the professional growth and development of our people.&nbsp; We believe that&nbsp;<strong>investing in our employees is the key to our success</strong>, and we are dedicated to providing them with the tools, resources, and support they need to thrive and grow their career here. At EnableComp, we are committed to living up to our core values each and every day, and we believe that this commitment is what sets us apart from other companies. &nbsp;If you are looking for a company that values its employees and is dedicated to helping them achieve their full potential, then EnableComp is the place for you.</p>
<p>&nbsp;</p>
<p><strong><em>&nbsp;<span style=""box-sizing: border-box; text-decoration: underline;"">Donât just take our word for it!&nbsp; Hear what our people are saying:</span></em></strong></p>
<p><em>âI love my job because everyone shares the same vision and is determined and dedicated. People care about you as a person and your professional growth. There is a genuine spirit of cooperation and shared goals all revolving around helping each other.â</em>&nbsp;â Revenue Specialist</p>
<p>&nbsp;</p>
<p><em>âI enjoy working for EnableComp because of the Core Values we believe in. EnableComp stands true to these values from empowering employees to ecstatic clients. This company is family oriented and flexible, along with understanding the balance of work, life, and fun.â</em>&nbsp;â Supervisor, Operations</p>
<p></p>
<p></p>
<p></p><br/><br/>Please mention the word **UPLIFTINGLY** and tag RMjYwMDoxNzAyOjJlOTA6OWJjMDpjOGIxOjQyYWU6NDQ0ZDplOTQ4 when applying to show you read the job post completely (#RMjYwMDoxNzAyOjJlOTA6OWJjMDpjOGIxOjQyYWU6NDQ0ZDplOTQ4). This is a beta feature to avoid spam applicants. Companies can search these words to find applicants that read this and see they're human.",https://remoteOK.com/remote-jobs/remote-vice-president-drg-enablecomp-1131551,2026-05-12T00:00:34+00:00
CUSTOMER SUCCESS MANAGER,Wishpond Technologies,Brazil,"manager, design, saas, training, support, growth, operational, sales, health, digital nomad","<p>
</p><h3><strong>SalesCloser.ai currently has the position of Customer Success Manager available, and weâre excited to tell you about it!</strong></h3>
<p></p>
<p><strong style=""font-size: 24px;"">OVERVIEW</strong></p>
<p><span style=""font-size: 16px;"">Weâre hiring a Customer Success Manager to support and grow a large portfolio of customers through structured, repeatable, and highâimpact programs to join our team. Youâll operate at scale, leveraging automation, data, and proactive outreach to drive adoption, retention, and expansion across many accounts simultaneously. If you thrive in fastâpaced environments, love building systems, and know how to deliver value, this role is for you.</span></p>
<p><span style=""font-size: 16px;"">As a member of the Customer Success Team, youâll work crossâfunctionally to ensure our customers achieve meaningful outcomes and stay deeply engaged with Salescloser.ai. Together with the Customer Success Teams, the Customer Success Manager is responsible for the continued success of Salescloser.ai.</span></p>
<p>
</p><p><strong style=""font-size: 24px;"">RESPONSIBILITIES</strong></p>
<p><span style=""font-size: 16px;"">â¢ Manage a highâvolume book of SMB and midâmarket accounts</span></p>
<p><span style=""font-size: 16px;"">â¢ Drive engagement through scaled touchpoints rather than manual checkâins</span></p>
<p><span style=""font-size: 16px;"">â¢ Prioritize accounts based on health, risk, and opportunity</span></p>
<p><span style=""font-size: 16px;"">â¢ Ensure customers launch successfully and reach early timeâtoâvalue</span></p>
<p><span style=""font-size: 16px;"">â¢ Monitor usage and proactively intervene when accounts stall</span></p>
<p><span style=""font-size: 16px;"">â¢ Partner with onboarding to ensure smooth, consistent handoffs</span></p>
<p><span style=""font-size: 16px;"">â¢ Design and execute scalable programs such as email sequences, webinars, and inâapp engagement flows</span></p>
<p><span style=""font-size: 16px;"">â¢ Build repeatable playbooks for onboarding, adoption, and renewal</span></p>
<p><span style=""font-size: 16px;"">â¢ Continuously improve processes to support more customers efficiently</span></p>
<p><span style=""font-size: 16px;"">â¢ Identify atârisk accounts early using health signals</span></p>
<p><span style=""font-size: 16px;"">â¢ Take proactive action to reduce churn and improve customer outcomes</span></p>
<p><span style=""font-size: 16px;"">â¢ Support renewal motions through ongoing engagement and value reinforcement</span></p>
<p><span style=""font-size: 16px;"">â¢ Use tools like Vitally, Intercom, and CRM data to manage your book</span></p>
<p><span style=""font-size: 16px;"">â¢ Track key KPIs including adoption, engagement, churn risk, and retention</span></p>
<p><span style=""font-size: 16px;"">â¢ Share insights with the team to improve product, processes, and customer experience</span></p>
<p><span style=""font-size: 16px;"">â¢ Other duties as assigned.</span></p>
<p><span style=""font-size: 12pt;"">&nbsp;</span></p>
<p><strong style=""font-size: 24px;"">QUALIFICATIONS</strong></p>
<p><span style=""font-size: 16px;"">â¢ 2â4 years of experience in Customer Success, Account Management, or a similar customerâfacing role, ideally within a SaaS or B2B tech environment</span></p>
<p><span style=""font-size: 16px;"">â¢ Experience managing a high-volume book of business</span></p>
<p><span style=""font-size: 16px;"">â¢ Strong operational mindset&nbsp;</span></p>
<p><span style=""font-size: 16px;"">â¢ Comfortable working with data and identifying trends</span></p>
<p><span style=""font-size: 16px;"">â¢ Familiarity with tools like Vitally, Intercom, HubSpot, or Salesforce</span></p>
<p><span style=""font-size: 16px;"">â¢ Experience building or optimizing CS playbooks and automation workflows</span></p>
<p><span style=""font-size: 16px;"">â¢ Proactive communicator with strong organizational skills</span></p>
<p><span style=""font-size: 16px;"">â¢ Able to balance speed, quality, and scale</span></p>
<p><span style=""font-size: 16px;"">â¢ As part of a diverse team, the ability to work both independently and collaboratively.</span></p>
<p><span style=""font-size: 16px;"">â¢ Must be technical, analytical, results-driven and have the ability to multitask in a fast-paced environment.</span></p>
<p><span style=""font-size: 16px;"">â¢ Organized, administratively strong, and have solid writing, phone, and general communication skills.</span></p>
<p><span style=""font-size: 16px;"">â¢</span><strong style=""font-size: 16px;"">&nbsp;Fluent in English</strong><span style=""font-size: 16px;""> (spoken and written). Knowledge of a second language is considered an asset.</span></p>
<p>&nbsp;</p>
<p><strong style=""font-size: 24px;"">WORK ENVIRONMENT</strong></p>
<p>
</p><p><span style=""font-size: 16px;"">â¢ Given the nature of this role, it is expected that the successful candidate will provide their own workstation, computer, headset, and have a fast and reliable internet connection. This position may be required to download and utilize company software.</span></p>
<p><span style=""font-size: 16px;"">â¢ Due to the nature of this role, we may verify backgrounds, including conducting employment reference, criminal record and credit checks.</span></p>
<p><span style=""font-size: 16px;"">â¢ Once hired, the successful candidate must provide a valid government-issued photo ID as part of their onboarding process.</span></p>
<p><span style=""font-size: 16px;"">â¢ The individual must be prepared to work standard business hours based on Pacific time.</span></p>
<p></p>
<p>&nbsp;</p>
<p><strong style=""font-size: 24px;"">GREAT REASONS TO JOIN OUR TEAM!</strong></p>
<p><span style=""font-size: 16px;"">â¢ Exciting and dynamic environment with a great leadership team&nbsp;</span></p>
<p><span style=""font-size: 16px;"">â¢ Comprehensive training program and regular performance reviews to facilitate your success</span></p>
<p><span style=""font-size: 16px;"">â¢ Competitive compensation based on experience and proven abilities</span></p>
<p><span style=""font-size: 16px;"">â¢ Great referral programs with incentives and bonuses</span></p>
<p><span style=""font-size: 16px;"">â¢ Unbelievable product discounts when you use our products for your own business</span></p>
<p><span style=""font-size: 16px;"">â¢ A global workforce of multi-cultural and talented colleagues&nbsp;</span></p>
<p><span style=""font-size: 16px;"">â¢ A close-knit operation with amazing growth opportunities for your personal development</span></p>
<p><span style=""font-size: 16px;"">â¢ Corporate headquarters in beautiful Vancouver, British Columbia, Canada</span></p>
<p>&nbsp;</p>
<p><strong style=""font-size: 24px;"">ABOUT US</strong></p>
<p><span style=""font-size: 16px;"">SalesCloser is an advanced conversational AI platform that acts as a virtual sales agent, deliveringpersonalisedd sales calls, demos, and follow-ups in real time across multiple languages. The platform enables businesses to automate and scale their sales operations, improving efficiency, reducing hiring costs, and driving higher conversion rates.</span></p>
<p>&nbsp;</p>
<p><span style=""font-size: 16px;"">Powered by advanced AI technology and a growing portfolio of patent applications, SalesCloser delivers a scalable, high-margin solution that redefines how companies engage with buyers and customers across a range of business interactions.</span></p>
<p>&nbsp;</p>
<p><span style=""font-size: 16px;"">For more information, visit the SalesCloser website at:&nbsp;</span><a rel=""noopener noreferrer"" href=""https://salescloser.ai/"" style=""font-size: 16px;"" class=""postings-link"">https://salescloser.ai</a><span style=""font-size: 16px;"">.</span></p>
<p>&nbsp;</p>
<p><strong style=""font-size: 24px;"">APPLICATION PROCESS</strong></p>
<p><strong style=""font-size: 16px;"">If you are interested in applying for this exciting opportunity, please provide an updated resume IN ENGLISH (PDF or Word formats only), quoting the position title in the subject line of your cover letter.</strong></p>
<p><span style=""font-size: 16px;"">&nbsp;</span><strong style=""font-size: 16px;"">&nbsp;</strong></p>
<p><span style=""font-size: 16px;"">SalesCloser.ai is an equal-opportunity employer committed to hiring a diverse workforce and sustaining an inclusive culture that does not discriminate on the basis of disability, status, or any other basis protected under legislation</span></p>
<p><span style=""font-size: 16px;"">&nbsp;</span></p>
<p><span style=""font-size: 16px;"">We thank all applicants in advance for their interest in this position; however, due to the volume of applications we receive, we are unable to respond to phone, email, or agency inquiries.</span></p>
<p>&nbsp;</p>
<p><em style=""font-size: 16px;"">Internal applications will be accepted until Tuesday, May 18, 2026, at 4 pm Pacific.</em></p>
<p></p>\n<p></p><p><br></p><p></p>\n<br/><br/>Please mention the word **ENCOURAGING** and tag RMjYwMDoxNzAyOjJlOTA6OWJjMDpjOGIxOjQyYWU6NDQ0ZDplOTQ4 when applying to show you read the job post completely (#RMjYwMDoxNzAyOjJlOTA6OWJjMDpjOGIxOjQyYWU6NDQ0ZDplOTQ4). This is a beta feature to avoid spam applicants. Companies can search these words to find applicants that read this and see they're human.",https://remoteOK.com/remote-jobs/remote-customer-success-manager-wishpond-technologies-1131550,2026-05-12T00:00:27+00:00
Academic Engagement Manager USA,Calyxo,Remote,"manager, training, director, education, healthcare, educational, non tech","Calyxo, Inc. is a medical device company headquartered in Pleasanton, California, USA. The company was founded in 2016 to address the profound need for improved kidney stone treatment. Kidney stone disease is a common, painful condition that consumes vast amounts of healthcare resources each year. Our team is led by executives and investors with a proven track record of commercializing paradigm-shifting devices to meet unmet needs within urology.

Are you ready to change the future of kidney stone treatment? We are seeking high achievers who want to be part of a dynamic team working in a fun, diverse atmosphere.

Summary:

The Academic Engagement Manager supports the execution of Calyxoâs professional education and physician engagement programs across academic training programs, peerâtoâpeer initiatives, and society meetings. Reporting to the Director of Professional Education, this role partners crossâfunctionally to coordinate educational programs for residents, fellows, emerging faculty, and key opinion leaders (KOLs). The manager helps ensure smooth program delivery, consistent documentation, and highâquality experiences for healthcare professionals (HCPs) participating in Calyxo educational activities. This role supports Calyxoâs commitment to highâquality physician education and engagement and helps drive awareness of Calyxo products.<br/><br/>Please mention the word **PRAISEWORTHY** and tag RMjYwMDoxNzAyOjJlOTA6OWJjMDpjOGIxOjQyYWU6NDQ0ZDplOTQ4 when applying to show you read the job post completely (#RMjYwMDoxNzAyOjJlOTA6OWJjMDpjOGIxOjQyYWU6NDQ0ZDplOTQ4). This is a beta feature to avoid spam applicants. Companies can search these words to find applicants that read this and see they're human.",https://remoteOK.com/remote-jobs/remote-academic-engagement-manager-usa-calyxo-1131549,2026-05-12T00:00:20+00:00
Project Manager French English Fluent,Brandtech+,Africa,manager,"Brandtech+ (formerly known as OLIVER+) is a global team of creative thinkers, tech-savvy trendsetters, and production pros specialising in film, CGI, automation, AI, motion design, and digital/print content. We partner with over 300 clients in 40+ countries and counting. Our focus is to connect clients with high-quality solutions, talent and ambitious opportunities worldwide.â¯ As a part of The Brandtech Group, we're at the forefront of leveraging cutting-edge AI technology to revolutionise how we create and deliver work. Our AI solutions enhance efficiency, spark creativity, and drive insightful deci<br/><br/>Please mention the word **SAVIOR** and tag RMjYwMDoxNzAyOjJlOTA6OWJjMDpjOGIxOjQyYWU6NDQ0ZDplOTQ4 when applying to show you read the job post completely (#RMjYwMDoxNzAyOjJlOTA6OWJjMDpjOGIxOjQyYWU6NDQ0ZDplOTQ4). This is a beta feature to avoid spam applicants. Companies can search these words to find applicants that read this and see they're human.",https://remoteOK.com/remote-jobs/remote-project-manager-french-english-fluent-brandtech-1131548,2026-05-11T16:02:38+00:00
Destination Coordinator,Careers In Travel | Destination Planners,"Atlanta, Georgia","travel, coordinator, support, non tech","<p><strong>Destination Events Coordinator â Remote</strong></p>
<p><strong>Location:</strong> Remote (United States)</p>
<p>&nbsp;</p>
<p><strong>About Us:</strong></p>
<p>&nbsp;We are a coordination-focused services company that supports clients with destination-based events, group experiences, and special occasion planning. We focus on organization, clear communication, and structured processes to ensure a smooth and positive client experience.</p>
<p>&nbsp;</p>
<p><strong>Position Overview:</strong></p>
<p>The Destination Events Coordinator supports the coordination and scheduling of destination-based events and group experiences. This role assists with organizing timelines, managing reservations, and maintaining accurate documentation while providing professional client communication throughout the coordination process.</p>
<p>This is a support-oriented role centered on coordination and logistics rather than sales.</p>
<p>&nbsp;</p>
<p><strong>Key Responsibilities:</strong></p>
<p>Assist with coordination of destination event schedules and reservations</p>
<p>Communicate with clients to confirm event details, timelines, and updates</p>
<p>Maintain accurate records, calendars, and event documentation</p>
<p>Track confirmations, changes, and coordination milestones</p>
<p>Respond to client inquiries in a timely and professional manner</p>
<p>Follow established workflows and quality standards</p>
<p>Collaborate with internal teams to support event coordination efforts</p>
<p>&nbsp;</p>
<p><strong>Qualifications &amp; Skills:</strong></p>
<p>Strong organizational and time-management skills</p>
<p>Clear written and verbal communication abilities</p>
<p>High attention to detail and accuracy</p>
<p>Ability to work independently in a remote environment</p>
<p>Basic computer proficiency and willingness to learn new systems</p>
<p>Professional, reliable, and service-oriented</p>
<p>Previous experience in event coordination, group planning, hospitality, or administrative support is helpful but not required.</p>
<p>&nbsp;</p>
<p><strong>Work Environment &amp; Schedule:</strong></p>
<p>Fully remote position</p>
<p>Flexible scheduling options may be available</p>
<p>Training and ongoing guidance provided</p>
<p>&nbsp;</p>
<p><strong>Why Work With Us:</strong></p>
<p>Remote work flexibility</p>
<p>Structured, supportive environment</p>
<p>Clear processes and expectations</p>
<p>Opportunity to build destination event coordination skills</p>
<p>&nbsp;</p>
<p><strong>How to Apply</strong></p>
<p>Qualified candidates are encouraged to submit an application for consideration. Selected applicants will be contacted regarding next steps.</p>\n<p></p><p><br></p><p></p>\n<div>$45,000 - $65,000 a year</div>\n<br/><br/>Please mention the word **ROOMY** and tag RMjYwMDoxNzAyOjJlOTA6OWJjMDpjOGIxOjQyYWU6NDQ0ZDplOTQ4 when applying to show you read the job post completely (#RMjYwMDoxNzAyOjJlOTA6OWJjMDpjOGIxOjQyYWU6NDQ0ZDplOTQ4). This is a beta feature to avoid spam applicants. Companies can search these words to find applicants that read this and see they're human.",https://remoteOK.com/remote-jobs/remote-destination-coordinator-careers-in-travel-destination-planners-1131547,2026-05-11T16:00:32+00:00
Travel Support Advisor,Careers In Travel | Destination Planners,Indiana,"travel, training, support, non tech","<p>
</p><h2 data-section-id=""1jl2fmw"" data-start=""232"" data-end=""258"">About the Opportunity</h2>
<p data-start=""259"" data-end=""530"">We are seeking reliable and customer-focused individuals to join our team as <strong data-start=""336"" data-end=""363"">Travel Support Advisors</strong>. In this role, you will assist clients throughout the travel planning process by providing support with reservations, itinerary details, and travel-related questions.</p>
<p data-start=""532"" data-end=""805"">This opportunity is ideal for individuals who enjoy helping others, solving problems, and providing a positive customer experience. Travel Support Advisors work with established booking platforms and travel resources to assist clients before, during, and after their trips.</p>
<p></p>\n<p></p><p><br></p><b>Key Responsibilities</b><div>
<ul>
<li data-section-id=""1xuzoms"" data-start=""831"" data-end=""960"">
<p data-start=""833"" data-end=""960"">Provide support to clients with travel arrangements including flights, hotels, cruises, transportation, and vacation packages</p>
</li>
<li data-section-id=""q98ygn"" data-start=""961"" data-end=""1043"">
<p data-start=""963"" data-end=""1043"">Assist with questions related to itineraries, reservations, and travel details</p>
</li>
<li data-section-id=""o49emg"" data-start=""1044"" data-end=""1133"">
<p data-start=""1046"" data-end=""1133"">Communicate with travel suppliers and partners to confirm bookings and resolve issues</p>
</li>
<li data-section-id=""180u7pv"" data-start=""1134"" data-end=""1209"">
<p data-start=""1136"" data-end=""1209"">Maintain accurate records of client interactions, bookings, and updates</p>
</li>
<li data-section-id=""kxabcj"" data-start=""1210"" data-end=""1288"">
<p data-start=""1212"" data-end=""1288"">Assist clients with itinerary changes, updates, or travel-related concerns</p>
</li>
<li data-section-id=""1phunsa"" data-start=""1289"" data-end=""1375"">
<p data-start=""1291"" data-end=""1375"">Provide guidance on travel schedules, documentation requirements, and trip details</p>
</li>
<li data-section-id=""1k2spcp"" data-start=""1376"" data-end=""1450"">
<p data-start=""1378"" data-end=""1450"">Monitor travel updates and communicate any relevant changes to clients</p>
</li>
<li data-section-id=""1m631pa"" data-start=""1451"" data-end=""1536"">
<p data-start=""1453"" data-end=""1536"">Deliver professional and timely customer service throughout the travel experience</p>
</li>
</ul>
</div><p><br></p><b>Qualifications</b><div>
<ul data-start=""1556"" data-end=""2039"">
<li data-section-id=""n0iqgi"" data-start=""1556"" data-end=""1607"">
<p data-start=""1558"" data-end=""1607"">Strong communication and problem-solving skills</p>
</li>
<li data-section-id=""1m9zjqb"" data-start=""1608"" data-end=""1672"">
<p data-start=""1610"" data-end=""1672"">Customer-service mindset with a focus on client satisfaction</p>
</li>
<li data-section-id=""nww5xh"" data-start=""1673"" data-end=""1743"">
<p data-start=""1675"" data-end=""1743"">Ability to manage multiple requests and respond in a timely manner</p>
</li>
<li data-section-id=""1bp9le1"" data-start=""1744"" data-end=""1805"">
<p data-start=""1746"" data-end=""1805"">Comfortable working independently in a remote environment</p>
</li>
<li data-section-id=""5l2zqc"" data-start=""1806"" data-end=""1870"">
<p data-start=""1808"" data-end=""1870"">Basic computer proficiency and ability to use online systems</p>
</li>
<li data-section-id=""1lfmzio"" data-start=""1871"" data-end=""1936"">
<p data-start=""1873"" data-end=""1936"">Interest in travel, tourism, hospitality, or customer support</p>
</li>
<li data-section-id=""rfi2gn"" data-start=""1937"" data-end=""2039"">
<p data-start=""1939"" data-end=""2039"">Previous experience in customer service, hospitality, or support roles is helpful but not required</p>
</li>
</ul>
<h2 data-section-id=""1qwlbo"" data-start=""2041"" data-end=""2060"">&nbsp;</h2>
</div><p><br></p><p></p>\n<div>$45,000 - $70,000 a year</div>\n<p>
</p><h2 data-section-id=""1qwlbo"" data-start=""2041"" data-end=""2060"">What Youâll Gain</h2>
<ul data-start=""2061"" data-end=""2352"">
<li data-section-id=""16uimlp"" data-start=""2061"" data-end=""2097"">
<p data-start=""2063"" data-end=""2097"">Flexible remote work environment</p>
</li>
<li data-section-id=""1gbd8zr"" data-start=""2098"" data-end=""2150"">
<p data-start=""2100"" data-end=""2150"">Access to training and travel industry resources</p>
</li>
<li data-section-id=""1dtayfz"" data-start=""2151"" data-end=""2230"">
<p data-start=""2153"" data-end=""2230"">Opportunities to develop skills in customer support and travel coordination</p>
</li>
<li data-section-id=""1acp8df"" data-start=""2231"" data-end=""2293"">
<p data-start=""2233"" data-end=""2293"">Supportive team environment focused on professional growth</p>
</li>
<li data-section-id=""yhdzha"" data-start=""2294"" data-end=""2352"">
<p data-start=""2296"" data-end=""2352"">Potential travel-related incentives and industry perks</p>
</li>
</ul>
<h2 data-section-id=""18zskhc"" data-start=""2354"" data-end=""2381"">Additional Information</h2>
<p data-start=""2382"" data-end=""2535"">This role provides flexibility and access to tools and resources designed to support individuals in assisting clients throughout their travel experience.</p>
<p data-start=""2537"" data-end=""2664"" data-is-last-node="""" data-is-only-node="""">Applicants should be comfortable working remotely and communicating with clients and travel partners through digital platforms.</p>
<p></p><br/><br/>Please mention the word **PERFECTLY** and tag RMjYwMDoxNzAyOjJlOTA6OWJjMDpjOGIxOjQyYWU6NDQ0ZDplOTQ4 when applying to show you read the job post completely (#RMjYwMDoxNzAyOjJlOTA6OWJjMDpjOGIxOjQyYWU6NDQ0ZDplOTQ4). This is a beta feature to avoid spam applicants. Companies can search these words to find applicants that read this and see they're human.",https://remoteOK.com/remote-jobs/remote-travel-support-advisor-careers-in-travel-destination-planners-1131546,2026-05-11T16:00:25+00:00
Travel Operations Coordinator,Careers In Travel | Destination Planners,"Detroit, Michigan","travel, training, coordinator, support, operations, operational, non tech","<p>
</p><p>
</p><article data-turn-id=""request-WEB:47743c5c-23cf-4cf0-b578-e29c60d14dc6-18"" data-testid=""conversation-turn-22"" data-scroll-anchor=""true"" data-turn=""assistant"" tabindex=""-1"" dir=""auto"">
<p>
</p><div tabindex=""-1"">
<p>
</p><div data-message-author-role=""assistant"" data-message-id=""be41f8ec-58d5-42a5-9777-b9e527f32f17"" data-message-model-slug=""gpt-5-3"" dir=""auto"">
<p>
</p><p>
</p><h2 data-section-id=""1jl2fmw"" data-start=""262"" data-end=""288"">About the Opportunity</h2>
<p data-start=""289"" data-end=""592"">We are seeking organized and detail-oriented individuals to join our team as <strong data-start=""366"" data-end=""400"">Travel Operations Coordinators</strong>. In this role, you will assist with coordinating travel arrangements and supporting the operational side of travel planning to ensure smooth and well-organized travel experiences for clients.</p>
<p data-start=""594"" data-end=""894"">This opportunity is ideal for individuals who enjoy organization, travel planning, and managing details that help trips run seamlessly. Travel Operations Coordinators utilize established booking platforms and travel resources to assist with reservations, itinerary coordination, and travel logistics.</p>
<h2 data-section-id=""18w7bso"" data-start=""896"" data-end=""919"">Key Responsibilities</h2>
<ul data-start=""920"" data-end=""1644"">
<li data-section-id=""1mjbsux"" data-start=""920"" data-end=""1028"">
<p data-start=""922"" data-end=""1028"">Coordinate travel arrangements including flights, hotels, cruises, transportation, and vacation packages</p>
</li>
<li data-section-id=""oixwvc"" data-start=""1029"" data-end=""1128"">
<p data-start=""1031"" data-end=""1128"">Support the operational process of travel planning by organizing bookings and itinerary details</p>
</li>
<li data-section-id=""1bpml3q"" data-start=""1129"" data-end=""1220"">
<p data-start=""1131"" data-end=""1220"">Communicate with travel suppliers and partners to confirm reservations and availability</p>
</li>
<li data-section-id=""7zynbr"" data-start=""1221"" data-end=""1304"">
<p data-start=""1223"" data-end=""1304"">Maintain accurate records of bookings, confirmations, and client communications</p>
</li>
<li data-section-id=""onenzu"" data-start=""1305"" data-end=""1391"">
<p data-start=""1307"" data-end=""1391"">Assist with organizing travel schedules, documentation details, and trip logistics</p>
</li>
<li data-section-id=""1lqx7vz"" data-start=""1392"" data-end=""1464"">
<p data-start=""1394"" data-end=""1464"">Monitor supplier updates, schedule changes, and travel notifications</p>
</li>
<li data-section-id=""1wp6pa5"" data-start=""1465"" data-end=""1558"">
<p data-start=""1467"" data-end=""1558"">Provide support to travelers with questions or itinerary updates before and during travel</p>
</li>
<li data-section-id=""gcfpn7"" data-start=""1559"" data-end=""1644"">
<p data-start=""1561"" data-end=""1644"">Stay informed on travel promotions, supplier updates, and destination information</p>
</li>
</ul>
<h2 data-section-id=""1fm6vrb"" data-start=""1646"" data-end=""1663"">Qualifications</h2>
<ul data-start=""1664"" data-end=""2153"">
<li data-section-id=""g5sttw"" data-start=""1664"" data-end=""1714"">
<p data-start=""1666"" data-end=""1714"">Strong organizational and communication skills</p>
</li>
<li data-section-id=""ie3fb8"" data-start=""1715"" data-end=""1789"">
<p data-start=""1717"" data-end=""1789"">Ability to manage multiple travel arrangements and operational details</p>
</li>
<li data-section-id=""lvp1j1"" data-start=""1790"" data-end=""1850"">
<p data-start=""1792"" data-end=""1850"">Customer-service mindset with strong attention to detail</p>
</li>
<li data-section-id=""1bp9le1"" data-start=""1851"" data-end=""1912"">
<p data-start=""1853"" data-end=""1912"">Comfortable working independently in a remote environment</p>
</li>
<li data-section-id=""1kteux9"" data-start=""1913"" data-end=""1979"">
<p data-start=""1915"" data-end=""1979"">Basic computer proficiency and familiarity with online systems</p>
</li>
<li data-section-id=""1wohg20"" data-start=""1980"" data-end=""2038"">
<p data-start=""1982"" data-end=""2038"">Interest in travel, tourism, hospitality, or logistics</p>
</li>
<li data-section-id=""1wiwddf"" data-start=""2039"" data-end=""2153"">
<p data-start=""2041"" data-end=""2153"">Previous experience in customer service, operations, logistics, or travel planning is helpful but not required</p>
</li>
</ul>
<h2 data-section-id=""1qwlbo"" data-start=""2155"" data-end=""2174"">What Youâll Gain</h2>
<ul data-start=""2175"" data-end=""2473"">
<li data-section-id=""16uimlp"" data-start=""2175"" data-end=""2211"">
<p data-start=""2177"" data-end=""2211"">Flexible remote work environment</p>
</li>
<li data-section-id=""6k63t8"" data-start=""2212"" data-end=""2277"">
<p data-start=""2214"" data-end=""2277"">Access to professional training and travel industry resources</p>
</li>
<li data-section-id=""79dh1u"" data-start=""2278"" data-end=""2351"">
<p data-start=""2280"" data-end=""2351"">Opportunities to develop skills in travel operations and coordination</p>
</li>
<li data-section-id=""1acp8df"" data-start=""2352"" data-end=""2414"">
<p data-start=""2354"" data-end=""2414"">Supportive team environment focused on professional growth</p>
</li>
<li data-section-id=""yhdzha"" data-start=""2415"" data-end=""2473"">
<p data-start=""2417"" data-end=""2473"">Potential travel-related incentives and industry perks</p>
</li>
</ul>
<h2 data-section-id=""18zskhc"" data-start=""2475"" data-end=""2502"">Additional Information</h2>
<p data-start=""2503"" data-end=""2692"">This role offers flexibility and access to tools and training designed to support individuals in coordinating travel operations and assisting clients throughout the travel planning process.</p>
<p data-start=""2694"" data-end=""2821"" data-is-last-node="""" data-is-only-node="""">Applicants should be comfortable working remotely and communicating with clients and travel partners through digital platforms.</p>
<p></p>
<p></p>
<p></p>
<p></p>
<p>&nbsp;</p>
<p>
</p><p>&nbsp;</p>
<p></p>
<p></p>
<p></p>
</div></div></article>
<p></p>
<div aria-hidden=""true"" data-edge=""true"">&nbsp;<p></p>
<p></p>\n<p></p><p><br></p><p></p>\n<div>$45,000 - $70,000 a year</div>\n</div><br/><br/>Please mention the word **HEARTENING** and tag RMjYwMDoxNzAyOjJlOTA6OWJjMDpjOGIxOjQyYWU6NDQ0ZDplOTQ4 when applying to show you read the job post completely (#RMjYwMDoxNzAyOjJlOTA6OWJjMDpjOGIxOjQyYWU6NDQ0ZDplOTQ4). This is a beta feature to avoid spam applicants. Companies can search these words to find applicants that read this and see they're human.",https://remoteOK.com/remote-jobs/remote-travel-operations-coordinator-careers-in-travel-destination-planners-1131545,2026-05-11T16:00:19+00:00
Travel Appointment Coordinator,Careers In Travel | Destination Planners,"Atlanta, Georgia","travel, coordinator, support, growth","<p><strong>Remote Travel Appointment Coordinator</strong></p>
<p>&nbsp;</p>
<p>&nbsp;</p>
<p><strong>About Us:</strong></p>
<p>We are a trusted travel services company dedicated to providing personalized planning for vacations, cruises, and getaways. We pride ourselves on offering excellent client support and customized travel solutions while building a strong community of hospitality professionals.</p>
<p>&nbsp;</p>
<p><strong>Position Overview</strong></p>
<p>We are seeking a <strong>Remote Travel Appointment Coordinator </strong>to join our remote team. In this role, you will be responsible for connecting with potential clients, scheduling travel consultations, and supporting the reservations process. This position is ideal for individuals with strong communication skills and an interest in hospitality, customer service, or travel.</p>
<p>&nbsp;</p>
<p><strong>Key Responsibilities</strong></p>
<p>Respond to inbound inquiries and schedule travel planning appointments.</p>
<p>Follow up with prospective clients via phone, email, or online platforms.</p>
<p>Assist in coordinating consultations between clients and travel specialists.</p>
<p>Maintain accurate records of communications and scheduled appointments.</p>
<p>Provide excellent customer service while representing Destination Knotâs brand values.</p>
<p>Collaborate with team members to support client reservations and ensure seamless booking processes.</p>
<p>&nbsp;</p>
<p><strong>Qualifications</strong></p>
<p>Strong communication and interpersonal skills.</p>
<p>Detail-oriented with the ability to manage multiple schedules and client needs.</p>
<p>Comfortable working in a remote environment with reliable internet access.</p>
<p>Customer service experience preferred; hospitality or travel industry knowledge a plus.</p>
<p>Self-motivated and organized with a professional demeanor.</p>
<p>&nbsp;</p>
<p><strong>What We Offer</strong></p>
<p>Flexible <strong>remote</strong> work environment.</p>
<p>Training and ongoing professional development in travel and hospitality services.</p>
<p>Performance-based income earning possibilities.</p>
<p>Access to exclusive travel perks and industry-related benefits.</p>
<p>Supportive team environment with growth potential.</p>\n<p></p><p><br></p><p></p>\n<div>$45,000 - $65,000 a year</div>\n<br/><br/>Please mention the word **SUPERIORITY** and tag RMjYwMDoxNzAyOjJlOTA6OWJjMDpjOGIxOjQyYWU6NDQ0ZDplOTQ4 when applying to show you read the job post completely (#RMjYwMDoxNzAyOjJlOTA6OWJjMDpjOGIxOjQyYWU6NDQ0ZDplOTQ4). This is a beta feature to avoid spam applicants. Companies can search these words to find applicants that read this and see they're human.",https://remoteOK.com/remote-jobs/remote-travel-appointment-coordinator-careers-in-travel-destination-planners-1131544,2026-05-11T16:00:10+00:00
Itinerary Support Coordinator No Experience Needed,Careers In Travel | Destination Planners,Maryland,"travel, coordinator, support, non tech","<p><strong>Itinerary Support Coordinator â Remote</strong></p>
<p><strong>Location:</strong> Remote (United States)</p>
<p>&nbsp;</p>
<p><strong>About Us&nbsp;</strong></p>
<p>We are&nbsp; a coordination-focused services company that supports clients with planning, scheduling, and experience-related logistics. We assist with organizing itineraries, timelines, and reservations while maintaining a high standard of communication and client support.</p>
<p>&nbsp;</p>
<p><strong>Position Overview:</strong></p>
<p>The Itinerary Support Coordinator provides administrative and client-facing assistance related to itinerary organization, scheduling, and documentation. This role supports the coordination of multiple components while ensuring accuracy, consistency, and timely communication.</p>
<p>This is a support-based position focused on organization and client service rather than sales.</p>
<p>&nbsp;</p>
<p><strong>Key Responsibilities:</strong></p>
<p>Assist with itinerary-related scheduling and coordination requests</p>
<p>Organize and maintain itinerary details, timelines, and documentation</p>
<p>Communicate with clients to confirm details, updates, and changes</p>
<p>Ensure itinerary components are accurately recorded and up to date</p>
<p>Respond to client inquiries in a professional and timely manner</p>
<p>Follow established workflows and quality standards</p>
<p>Collaborate with internal team members to support daily operations</p>
<p>&nbsp;</p>
<p><strong>Qualifications &amp; Skills:</strong></p>
<p>Strong organizational and time-management skills</p>
<p>Clear written and verbal communication abilities</p>
<p>High attention to detail and accuracy</p>
<p>Comfortable working independently in a remote environment</p>
<p>Basic computer proficiency and willingness to learn new systems</p>
<p>Professional, reliable, and service-oriented</p>
<p>Previous experience in itinerary coordination, scheduling, customer service, hospitality, or administrative support is helpful but not required.</p>
<p>&nbsp;</p>
<p><strong>Work Environment &amp; Schedule:</strong></p>
<p>Fully remote position</p>
<p>Flexible scheduling options may be available</p>
<p>Training and ongoing support provided</p>
<p>&nbsp;</p>
<p><strong>Why Work With Us:</strong></p>
<p>Remote work flexibility</p>
<p>Structured and supportive team environment</p>
<p>Clear expectations and established workflows</p>
<p>Opportunity to develop coordination and client support skills</p>
<p>&nbsp;</p>
<p><strong>How to Apply</strong></p>
<p>Interested candidates are encouraged to submit an application for consideration. Qualified applicants will be contacted regarding next steps.</p>\n<p></p><p><br></p><p></p>\n<div>$50,000 - $65,000 a year</div>\n<br/><br/>Please mention the word **REFRESHING** and tag RMjYwMDoxNzAyOjJlOTA6OWJjMDpjOGIxOjQyYWU6NDQ0ZDplOTQ4 when applying to show you read the job post completely (#RMjYwMDoxNzAyOjJlOTA6OWJjMDpjOGIxOjQyYWU6NDQ0ZDplOTQ4). This is a beta feature to avoid spam applicants. Companies can search these words to find applicants that read this and see they're human.",https://remoteOK.com/remote-jobs/remote-itinerary-support-coordinator-no-experience-needed-careers-in-travel-destination-planners-1131543,2026-05-11T16:00:03+00:00
Crypto Trader,Maidel Group,,"other, analyst, mobile, finance, crypto","<p>MAIDEL LIMITED is an international company operating at the intersection of digital assets, market intelligence, and data-driven trading strategies. Our focus is on building a strong team of professionals who want to gain real-world experience in financial markets and develop practical trading expertise.</p><p>We are currently opening a Crypto Trader position for individuals who are starting their professional path and are interested in market analysis, trading and data-driven decision making.</p><p>This role combines independent trading activity with structured guidance and mentorship from experienced market specialists. We don't have strict KPI requirements, and our work is aimed at training and improving trading skills in the real cryptocurrency market. No prior professional background is required â full training is provided.</p><p><strong>Key Responsibilities</strong><br /></p><ul><li>Execute trades across digital asset markets following established strategies and risk guidelines.</li><li>Monitor market movements, liquidity flows, and price dynamics in real time.</li><li>Analyze charts, indicators, and trading signals to support decision-making.</li><li>Manage open positions and evaluate potential risks.</li><li>Stay informed on crypto-related news and assess its market impact.</li><li>Work with professional trading platforms and analytical tools.</li><li>Track and evaluate personal trading performance.</li><li>Continuously develop market understanding and trading skills.<br /><strong><br /></strong></li></ul><p><strong>What We Offer</strong></p><ul><li>Opportunity to join a growing international company.</li><li>Fully remote format â work from anywhere.</li><li>Flexible schedule and workload.</li><li>Work with professional trading platforms and real market data.</li><li>Use of advanced analytical tools and systems.</li><li>Clear development path with increasing responsibilities.</li><li>Ongoing support from experienced market professionals.</li><li>Practical training in working with professional trading platforms under the guidance of experienced specialists.<strong><br /></strong></li></ul><p><strong>Interview Process</strong></p><ul><li>Initial phone conversation with a company recruitment coordinator.</li><li>Detailed interview with HR.</li><li>Practical training session with one of our trading specialists.</li></ul><br/><br/>Please mention the word **RECOMMENDATIONS** and tag RMjYwMDoxNzAyOjJlOTA6OWJjMDpjOGIxOjQyYWU6NDQ0ZDplOTQ4 when applying to show you read the job post completely (#RMjYwMDoxNzAyOjJlOTA6OWJjMDpjOGIxOjQyYWU6NDQ0ZDplOTQ4). This is a beta feature to avoid spam applicants. Companies can search these words to find applicants that read this and see they're human.",https://remoteOK.com/remote-jobs/remote-crypto-trader-maidel-group-1131541,2026-05-11T13:00:52+00:00
Meta Ads Manager + Creative Producer AI Native,singularads.com,,"marketing, ads, ai","<h2 class=""css-xkqm5u e1tiznh50"">Job post summary</h2><div class=""css-1q1p8zw e37uo190""><p class=""css-bctmig e1wnkr790""><strong class=""css-1655dm5 e1wnkr790"">Date posted:</strong>Â May 9, 2026</p><p class=""css-bctmig e1wnkr790""><strong class=""css-1655dm5 e1wnkr790"">Pay:</strong>Â â¬1,500.00 - â¬3,000.00 per month</p><p class=""css-1655dm5 e1wnkr790"">Job description:</p><div class=""css-1dhd1xm eu4oa1w0""><div class=""jd-appended-job-description""><div class=""jd-section-employer""><div class=""jd-description-text""><p>You're right, I sanded it down too much. The whole point of the role is the creative-to-audience-to-data loop, and I cut that out. Here's a version that keeps the depth, still passes Indeed:</p><p><strong>Meta Ads Manager + Creative Producer (Remote, AI-Native)</strong></p><p>We are hiring one person to own Meta advertising end-to-end for a portfolio of AI-powered SaaS products sold to small businesses in Europe and other regions. This role combines audience strategy, creative production, and performance analysis. It is not a media-buying role and it is not a creative role. It is both.</p><p><strong>About the role</strong></p><p>You will be responsible for understanding each target audience deeply enough to design creative that speaks to them, producing that creative yourself using modern AI tools, launching campaigns across multiple countries and languages, and reading Meta's data closely enough to know which variant is working, why, and what to do next. You will work directly with the founder with no layers in between.</p><p><strong>Responsibilities</strong></p><ul><li>Research and define target audiences for each product and each market, including their pain points, language, objections, and the visual codes they respond to</li><li>Translate that audience understanding into creative concepts and hooks that fit each segment</li><li>Produce video and static ad creative end-to-end using AI tools such as Midjourney, Runway, Seedance, ElevenLabs, and similar</li><li>Build and launch 5 or more creative variants per campaign cycle, structured for clean testing</li><li>Read Meta Ads Manager data in depth: hook rate, thumb-stop rate, CTR, CPM, frequency, audience overlap, attribution windows, and post-purchase signals</li><li>Diagnose what is actually driving performance, not just which ad has the lowest CPA on the surface</li><li>Pause losing variants quickly, scale winners, and rebuild the testing queue weekly</li><li>Localise creative and messaging for non-English markets where you may not have lived</li><li>Integrate Meta with internal analytics, CRM, and backend systems; technical curiosity required</li><li>Report results weekly with a clear narrative, not just a dashboard screenshot</li></ul><p><strong>Requirements</strong></p><ul><li>Demonstrable experience managing Meta ad budgets of â¬10,000 per month or more</li><li>A portfolio of ads you have personally created and personally run, with the performance data behind them</li><li>Strong creative judgment, especially for the first 2 seconds of short-form video</li><li>Daily working knowledge of AI creative tools as part of a real production workflow</li><li>Deep familiarity with Meta Ads Manager analytics beyond surface-level metrics</li><li>Ability to work independently and move fast without hand-holding</li><li>Comfort with technical setup such as Conversions API, pixel events, CRM integrations, and basic API work</li><li>Fluent written English</li></ul></div></div><div class=""jd-section-job-type""><p class=""jd-description-text"">Job Type: Full-time</p></div></div></div></div><br/><br/>Please mention the word **HARDY** and tag RMjYwMDoxNzAyOjJlOTA6OWJjMDpjOGIxOjQyYWU6NDQ0ZDplOTQ4 when applying to show you read the job post completely (#RMjYwMDoxNzAyOjJlOTA6OWJjMDpjOGIxOjQyYWU6NDQ0ZDplOTQ4). This is a beta feature to avoid spam applicants. Companies can search these words to find applicants that read this and see they're human.",https://remoteOK.com/remote-jobs/remote-meta-ads-manager-creative-producer-ai-native-singularads-com-1131538,2026-05-11T02:41:10+00:00
Senior Marketing Manager CRO Experience Required,Precision Medicine Group,Remote,"manager, design, embedded, support, leader, strategy, lead, content, senior, operations, operational, marketing, sales, digital nomad","Precision for Medicine is the first global precision medicine clinical research services organization, purpose-built to improve the clinical research and development process for new therapeutics. Our novel approach integrates clinical operations excellence, with laboratory expertise, and advanced data sciences to inform every step. We apply our expertise to trials at all stagesâfrom early development through approvalâwith embedded experience in oncology and rare disease. With over 3500 dedicated professionals and offices worldwide, we stand ready to help accelerate life-changing treatments anywhere around the globe.

We are seeking an accomplished Senior Marketing Manager to drive strategic marketing initiatives that support our expanding Autoimmune therapeutic area business (both full-service outsourcing [FSO] and Functional Service Provider [FSP] models), and our core CRO portfolio. This role requires a highly autonomous leader with strong crossâfunctional collaboration skills and the ability to translate global strategy into highâimpact execution.

In this position, you will shape and refine service messaging, design and deliver integrated marketing campaigns, generate qualified leads, and empower a growing sales team in achieving their targets. You will work closely with sales and operational stakeholders to elevate market awareness, strengthen our value proposition, and accelerate lead generation across key service lines.

Service Marketing & Content Development
Lead and own strategic planning of marketing efforts for assigned areas, specifically all therapeutic marketing for our growing Autoimmune therapeutic area, clinical FSP, and related services. Support other services within our CRO offerings as assigned
Create messaging frameworks relating Feature/Advantage/Benefit (FAB) with proof points to optimize market positioning
Work with stakeholders (and agencies as needed) to cr<br/><br/>Please mention the word **PLEASED** and tag RMjYwMDoxNzAyOjJlOTA6OWJjMDpjOGIxOjQyYWU6NDQ0ZDplOTQ4 when applying to show you read the job post completely (#RMjYwMDoxNzAyOjJlOTA6OWJjMDpjOGIxOjQyYWU6NDQ0ZDplOTQ4). This is a beta feature to avoid spam applicants. Companies can search these words to find applicants that read this and see they're human.",https://remoteOK.com/remote-jobs/remote-senior-marketing-manager-cro-experience-required-precision-medicine-group-1131536,2026-05-10T16:00:26+00:00
Online Hospitality Services Coordinator Entry Level,Aisles &amp; Abroad,Illinois,"coordinator, support","<p>
</p><h3 data-section-id=""1n02cfw"" data-start=""432"" data-end=""459""><span role=""text""><strong data-start=""436"" data-end=""457"">Position Overview</strong></span></h3>
<p data-start=""460"" data-end=""775"">We are seeking a detail-oriented and service-focused <strong data-start=""513"" data-end=""556"">Online Hospitality Services Coordinator</strong> to provide remote support for client reservations, scheduling, and hospitality-related services. This position emphasizes organization, communication, and accuracy to ensure a smooth and professional client experience.</p>
<p data-start=""777"" data-end=""912"">This role is ideal for individuals who are dependable, organized, and comfortable working in a virtual environment using digital tools.</p>
<p></p>\n<p></p><p><br></p><b>Key Responsibilities</b><div>
<ul data-start=""948"" data-end=""1557"">
<li data-section-id=""1ct6lj3"" data-start=""948"" data-end=""1038"">Support client inquiries related to reservations, scheduling, and service coordination</li>
<li data-section-id=""1g3y8l3"" data-start=""1039"" data-end=""1148"">Assist with organizing hospitality-related services, including accommodations and associated arrangements</li>
<li data-section-id=""1xbz893"" data-start=""1149"" data-end=""1229"">Maintain accurate client records and reservation details in internal systems</li>
<li data-section-id=""14e5t1x"" data-start=""1230"" data-end=""1312"">Communicate professionally with clients via email, phone, and online platforms</li>
<li data-section-id=""yianzs"" data-start=""1313"" data-end=""1385"">Review confirmations and documentation for accuracy and completeness</li>
<li data-section-id=""1mdaz58"" data-start=""1386"" data-end=""1449"">Provide general administrative and customer service support</li>
<li data-section-id=""84niaa"" data-start=""1450"" data-end=""1497"">Follow established procedures and workflows</li>
<li data-section-id=""3l9yph"" data-start=""1498"" data-end=""1557"">Collaborate with internal teams to support client needs</li>
</ul>
</div><p><br></p><b>Qualifications</b><div>
<ul>
<li data-section-id=""1syne7v"" data-start=""1587"" data-end=""1637"">Strong written and verbal communication skills</li>
<li data-section-id=""xw16ax"" data-start=""1638"" data-end=""1700"">Excellent attention to detail and organizational abilities</li>
<li data-section-id=""8s89l5"" data-start=""1701"" data-end=""1755"">Comfortable using online systems and digital tools</li>
<li data-section-id=""tdlrex"" data-start=""1756"" data-end=""1816"">Ability to manage multiple tasks in a remote environment</li>
<li data-section-id=""bfkww4"" data-start=""1817"" data-end=""1891"">Customer service, administrative, or coordination experience preferred</li>
<li data-section-id=""bhf359"" data-start=""1892"" data-end=""1949"">Reliable internet access and ability to work remotely</li>
</ul>
</div><p><br></p><p></p>\n<div>$45,000 - $60,000 a year</div>\n<p>
</p><h3 data-section-id=""1328vrm"" data-start=""1956"" data-end=""1980""><span role=""text""><strong data-start=""1960"" data-end=""1980"">Work Environment</strong></span></h3>
<ul data-start=""1981"" data-end=""2089"">
<li data-section-id=""bjli7z"" data-start=""1981"" data-end=""2006"">Fully remote position</li>
<li data-section-id=""wczujz"" data-start=""2007"" data-end=""2053"">Structured and supportive team environment</li>
<li data-section-id=""8e1w0d"" data-start=""2054"" data-end=""2089"">Training and resources provided</li>
</ul>
<p>
</p><h3 data-section-id=""o20c5v"" data-start=""2096"" data-end=""2126""><span role=""text""><strong data-start=""2100"" data-end=""2126"">Additional Information</strong></span></h3>
<p data-start=""2127"" data-end=""2321"">We are committed to maintaining a professional, inclusive, and service-focused environment. Candidates should demonstrate reliability, strong communication skills, and a customer-first approach.</p>
<p></p>
<p></p><br/><br/>Please mention the word **SWEETNESS** and tag RMjYwMDoxNzAyOjJlOTA6OWJjMDpjOGIxOjQyYWU6NDQ0ZDplOTQ4 when applying to show you read the job post completely (#RMjYwMDoxNzAyOjJlOTA6OWJjMDpjOGIxOjQyYWU6NDQ0ZDplOTQ4). This is a beta feature to avoid spam applicants. Companies can search these words to find applicants that read this and see they're human.",https://remoteOK.com/remote-jobs/remote-online-hospitality-services-coordinator-entry-level-aisles-amp-abroad-1131534,2026-05-10T08:00:09+00:00
Account Executive Southeast,Apollo Information Systems,,"salesforce, security, technical, support, test, growth, manager, education, investment, senior, marketing, sales, executive","<p style=""min-height:1.5em""><strong>About Apollo</strong></p><p style=""min-height:1.5em"">Apollo Information Systems is a cybersecurity services company delivering comprehensive security and compliance programs to organizations that need measurable protection without the burden of building it alone. Backed by a Series A investment led by Syn Ventures, Apollo is pioneering a cybersecurity-as-a-service model that replaces fragmented tools and episodic engagements with unified, outcome-driven security programs.</p><p style=""min-height:1.5em"">Through Apollo Aegis - a subscription-based cybersecurity and compliance platform - and a full portfolio of managed security, advisory, assessment, incident response, and offensive security services, Apollo helps organizations reduce risk, simplify operations, and maintain continuous compliance. Apollo's primary markets include state and local government, K-12 and higher education, and mid-market enterprises, with deep specialization in election security.</p><p style=""min-height:1.5em""></p><p style=""min-height:1.5em""><strong>Our Culture</strong></p><p style=""min-height:1.5em"">We are growing rapidly and have significant expansion plans and growth capital. We foster a collaborative environment where deep cybersecurity expertise meets business acumen, enabling our professionals to solve complex security challenges while building lasting client partnerships. We pride ourselves on our integrity and ethics. Youâll find smart, professional, mission-driven, hardworking, genuinely kind and good colleagues here. We primarily work remotely but have a hub in Denver.</p><p style=""min-height:1.5em""><strong>Position Overview:</strong></p><p style=""min-height:1.5em"">We are looking for a high-performing, self-driven Account Executive to grow our cybersecurity business across State, Local Government, and Education (SLED) accounts throughout the Southeastern Region. The ideal candidate is a public sector sales professional with a deep understanding of the cybersecurity services landscape who has a proven ability to open doors, build relationships, and close complex deals. </p><p style=""min-height:1.5em"">Partnering closely with the a Senior AE, this individual will co-own the Southeastern SLED region, bringing both strategic thinking and execution to drive pipeline, revenue, and long-term client success. This is a hunter role at its core: the right candidate thrives on business development, takes ownership of their territory, and brings a consultative approach to helping public sector clients solve their most pressing security challenges.</p><p style=""min-height:1.5em""><strong>Key Responsibilities:</strong></p><ul style=""min-height:1.5em""><li><p style=""min-height:1.5em"">Partner with Sales Manager to expand Southeastern SLED accounts from prospecting and discovery through proposal, negotiation, and close</p></li><li><p style=""min-height:1.5em"">Execute on a territory business plan that identifies target accounts, key opportunities, and a clear path to meeting or exceeding quota</p></li><li><p style=""min-height:1.5em"">Drive new business development through outbound prospecting, networking, industry events, partner relationships, and referrals</p></li><li><p style=""min-height:1.5em"">Engage with state agencies, municipalities, school districts, and higher education institutions to uncover cybersecurity needs and align Apollo solutions accordingly</p></li><li><p style=""min-height:1.5em"">Build and maintain strong, trust-based relationships with key stakeholders, including CISOs, CIOs, IT Directors, and procurement officers</p></li><li><p style=""min-height:1.5em"">Collaborate with the Sales Manager to align on territory strategy, pipeline reviews, forecasting, and go-to-market priorities</p></li><li><p style=""min-height:1.5em"">Work cross-functionally with technical, service delivery, and marketing teams to develop tailored proposals and solutions for SLED clients</p></li><li><p style=""min-height:1.5em"">Navigate public sector procurement processes, including RFPs, cooperative purchasing vehicles, and state contracts, to remove barriers and accelerate deal velocity</p></li><li><p style=""min-height:1.5em"">Identify and develop contracting vehicles (e.g., DIR, TIPS, NCPA) that enable scalable, repeatable sales across the Southeastern SLED market</p></li><li><p style=""min-height:1.5em"">Manage and grow an active pipeline in CRM, maintaining accurate opportunity data, activity logs, and forecasts</p></li><li><p style=""min-height:1.5em"">Identify upsell and cross-sell opportunities within existing accounts to expand Apollo's footprint and deepen client relationships</p></li><li><p style=""min-height:1.5em"">Provide market intelligence and client feedback to internal teams to inform product development and service offerings</p></li><li><p style=""min-height:1.5em"">Represent Apollo at relevant industry conferences, government forums, and association events across Texas</p></li></ul><p style=""min-height:1.5em""><strong>Qualifications</strong></p><ul style=""min-height:1.5em""><li><p style=""min-height:1.5em"">Required</p><ul style=""min-height:1.5em""><li><p style=""min-height:1.5em"">Demonstrated success selling cybersecurity solutions: MSSP, MDR, SOC-as-a-Service, or security product/VAR experience strongly preferred</p></li><li><p style=""min-height:1.5em"">Familiarity with public sector procurement processes, such as DIR contracts, cooperative purchasing vehicles, etc.</p></li><li><p style=""min-height:1.5em"">Proven track record of consistently meeting or exceeding quota in a hunter/business development role</p></li><li><p style=""min-height:1.5em"">Experience selling to and navigating complex organizations with multiple stakeholders and long sales cycles</p></li><li><p style=""min-height:1.5em"">Strong command of consultative and solution-based selling methodologies (e.g., MEDDIC, Challenger, or similar)</p></li><li><p style=""min-height:1.5em"">Excellent communication, presentation, and negotiation skills</p></li><li><p style=""min-height:1.5em"">Self-starter mentality with the ability to manage a territory independently</p></li></ul></li><li><p style=""min-height:1.5em"">Preferred</p><ul style=""min-height:1.5em""><li><p style=""min-height:1.5em"">Existing relationships with State agencies, municipalities, or school districts/higher education institutions</p></li><li><p style=""min-height:1.5em"">Experience working with or for an MSSP or cybersecurity VAR</p></li><li><p style=""min-height:1.5em"">Familiarity with security frameworks relevant to the public sector (NIST, CMMC, TX-RAMP, etc.)</p></li><li><p style=""min-height:1.5em"">Prior experience using Salesforce or similar CRM platforms</p></li></ul></li></ul><p style=""min-height:1.5em""><strong>Expectations:</strong></p><ul style=""min-height:1.5em""><li><p style=""min-height:1.5em"">At 30 days:</p><ul style=""min-height:1.5em""><li><p style=""min-height:1.5em"">Complete onboarding, including product and services training, internal process orientation, and CRM setup</p></li><li><p style=""min-height:1.5em"">Develop a working knowledge of Apollo's cybersecurity portfolio and value proposition for SLED clients</p></li><li><p style=""min-height:1.5em"">Meet with key internal stakeholders (Sales Manager, technical teams, marketing, and service delivery) to understand resources and support available</p></li><li><p style=""min-height:1.5em"">Begin building a target account list for the Southeastern SLED territory and identify top priority opportunities</p></li></ul></li><li><p style=""min-height:1.5em"">Within 90 days:</p><ul style=""min-height:1.5em""><li><p style=""min-height:1.5em"">Have an active, documented pipeline of qualified opportunities in CRM reflecting real revenue potential</p></li><li><p style=""min-height:1.5em"">Independently conducting discovery calls, delivering presentations, and advancing opportunities through the sales cycle</p></li><li><p style=""min-height:1.5em"">Establish or reactivate relationships with key contacts at target accounts across state agencies, municipalities, and education institutions</p></li><li><p style=""min-height:1.5em"">Identify and initiate pursuit of at least one relevant contracting vehicle or cooperative purchasing opportunity</p></li><li><p style=""min-height:1.5em"">Deliver a territory business plan to the Sales Manager outlining strategy, key accounts, and 6-month revenue targets</p></li></ul></li><li><p style=""min-height:1.5em"">By 180 days:</p><ul style=""min-height:1.5em""><li><p style=""min-height:1.5em"">Demonstrate clear pipeline momentum with opportunities in late stages of the sales cycle and initial closed/won business</p></li><li><p style=""min-height:1.5em"">Be fully self-sufficient in territory management, forecasting, and business development activity</p></li><li><p style=""min-height:1.5em"">Have established a consistent outreach and relationship-building cadence across target accounts</p></li><li><p style=""min-height:1.5em"">Contribute actively to team knowledge by sharing market insights, competitive intelligence, and client feedback</p></li><li><p style=""min-height:1.5em"">Be on track to meet or exceed first-year quota based on pipeline coverage and deal progression</p></li></ul></li></ul><p style=""min-height:1.5em""></p><p style=""min-height:1.5em""><strong>Company Values</strong></p><p style=""min-height:1.5em"">We have created a fantastic corporate culture â our values drive our behaviors. Here are the expectations:</p><ul style=""min-height:1.5em""><li><p style=""min-height:1.5em"">Passion for cybersecurity and a commitment to maintaining the highest standards of security.</p></li><li><p style=""min-height:1.5em"">Customer Outcomes: Their success is our success, we are business partners</p></li><li><p style=""min-height:1.5em"">Entrepreneurial Approach: fast decision making, empowerment, focus on results, test and learn</p></li><li><p style=""min-height:1.5em"">Win Together: Intense Collaboration, no silos</p></li><li><p style=""min-height:1.5em"">âIntegrity is paramount</p></li></ul><p style=""min-height:1.5em""><strong>Why You'll Love Working Here</strong></p><ul style=""min-height:1.5em""><li><p style=""min-height:1.5em"">Comprehensive medical, dental, and vision coverage, the company covers 100% of employee premiums and 90% of dependent premiums on base plans</p></li><li><p style=""min-height:1.5em"">Unlimited PTO, 7 paid sick days, and 11 paid holidays</p></li><li><p style=""min-height:1.5em"">401(k) with 4% company match after 90 days, immediately vested</p></li><li><p style=""min-height:1.5em"">Companyâpaid life insurance at 1x annual salary</p></li><li><p style=""min-height:1.5em"">Companyâpaid ShortâTerm Disability (STD) and LongâTerm Disability (LTD) coverage</p></li><li><p style=""min-height:1.5em"">$125 monthly homeâoffice tech stipend for internet, equipment, and other technology needs</p></li><li><p style=""min-height:1.5em"">Amazing colleagues, a collaborative environment, and a supportive, growthâfocused culture</p></li></ul><p style=""min-height:1.5em""></p><p style=""min-height:1.5em"">Apollo-IS is an Equal Opportunity Employer. All qualified applicants will receive consideration for employment without regard to race, color, religion, sex, sexual orientation, gender identity, national origin, age, disability or veteran status, or any other applicable state or federal protected class. Apollo-IS provides affirmative action in employment for qualified Individuals with a Disability and Protected Veterans in compliance with Section 503 of the Rehabilitation Act and the Vietnam Era Veteransâ Readjustment Assistance Act.</p><br/><br/>Please mention the word **SHINY** and tag RMjYwMDoxNzAyOjJlOTA6OWJjMDpjOGIxOjQyYWU6NDQ0ZDplOTQ4 when applying to show you read the job post completely (#RMjYwMDoxNzAyOjJlOTA6OWJjMDpjOGIxOjQyYWU6NDQ0ZDplOTQ4). This is a beta feature to avoid spam applicants. Companies can search these words to find applicants that read this and see they're human.",https://remoteOK.com/remote-jobs/remote-account-executive-southeast-apollo-information-systems-1131533,2026-05-10T08:00:03+00:00
CNC Machinist Milling,CX2,"El Segundo, CA","software, growth, assembly, operational, engineering","<p><span style=""font-size: 16px"">CX2 is a next-generation defense technology company founded to deliver spectrum dominance for the United States and our allies. CX2âs AI-enabled hardware and software platforms detect, disrupt and defend the electromagnetic spectrum across land, air, sea and space domains.</span></p><p><br></p><p data-local-id=""23fffd49717f"" data-prosemirror-content-type=""node"" data-prosemirror-node-name=""paragraph"" data-prosemirror-node-block=""true"" data-pm-slice=""1 1 []"">CX2 is seeking an engaged, self-starting machinist who wants to own prototyping and small volume production.</p>
<p data-local-id=""23fffd49717f"" data-prosemirror-content-type=""node"" data-prosemirror-node-name=""paragraph"" data-prosemirror-node-block=""true"" data-pm-slice=""1 1 []"">As the first CNC Machinist, you will be a key player in building out our machining capabilities for prototypes, tools and fixtures, and small batch production of flight critical components.&nbsp; You will touch all aspects of machining from procuring machines and cutting tools, programming, tooling, to assisting with one-off components and setups while ensuring critical dimensions are met.</p>
<p data-local-id=""23fffd49717f"" data-prosemirror-content-type=""node"" data-prosemirror-node-name=""paragraph"" data-prosemirror-node-block=""true"" data-pm-slice=""1 1 []"">You will mentor and provide guidance to engineers, technicians and machine operators and act as an internal expert on CNC milling. As we scale the organization you will be pivotal in creating clever methods to increase production and reduce cycle times. This is a small but fast growing manufacturing team in a new facility. This role is a good fit for those who like to build, tinker, and tackle various machining tasks.</p>
<p data-local-id=""23fffd49717f"" data-prosemirror-content-type=""node"" data-prosemirror-node-name=""paragraph"" data-prosemirror-node-block=""true"" data-pm-slice=""1 1 []"">We are looking for a dedicated and resourceful machinist who possesses a strong foundation in aerospace manufacturing of metal components.</p>
<p data-local-id=""5ef8b3e46a1c"" data-prosemirror-content-type=""node"" data-prosemirror-node-name=""paragraph"" data-prosemirror-node-block=""true"" data-pm-slice=""1 1 []"">This role requires an onsite presence in our El Segundo, CA HQ; a remote work environment is not considered for this opportunity.</p>\n<p></p><p><br></p><b>Key Responsibilities</b><div>
<ul data-local-id=""481f88b2-3015-4041-b6dd-cf2633a2b6b0"" data-prosemirror-content-type=""node"" data-prosemirror-node-name=""bulletList"" data-prosemirror-node-block=""true"" data-pm-slice=""3 3 []"">
<li data-local-id=""1c32feed-aa50-4447-a350-d95fc5128a50"" data-prosemirror-content-type=""node"" data-prosemirror-node-name=""listItem"" data-prosemirror-node-block=""true"">
<p data-local-id=""4f7f2115f230"" data-prosemirror-content-type=""node"" data-prosemirror-node-name=""paragraph"" data-prosemirror-node-block=""true"">Operate 3 axis CNC mills</p>
</li>
<li data-local-id=""b525bc5d-8ffc-4d10-9852-010a485126a6"" data-prosemirror-content-type=""node"" data-prosemirror-node-name=""listItem"" data-prosemirror-node-block=""true"">
<p data-local-id=""687deea6b283"" data-prosemirror-content-type=""node"" data-prosemirror-node-name=""paragraph"" data-prosemirror-node-block=""true"">Responsible for CAM and setup of CNC Mills and routers</p>
</li>
<li data-local-id=""51b93343-294d-4b4b-9b71-c77a6112f123"" data-prosemirror-content-type=""node"" data-prosemirror-node-name=""listItem"" data-prosemirror-node-block=""true"">
<p data-local-id=""4c38eba38215"" data-prosemirror-content-type=""node"" data-prosemirror-node-name=""paragraph"" data-prosemirror-node-block=""true"">Help spec and purchase new machines and tools</p>
</li>
<li data-local-id=""7f0e89cd-6c30-49f2-a9a5-007ae9c668bb"" data-prosemirror-content-type=""node"" data-prosemirror-node-name=""listItem"" data-prosemirror-node-block=""true"">
<p data-local-id=""f13cb1115f28"" data-prosemirror-content-type=""node"" data-prosemirror-node-name=""paragraph"" data-prosemirror-node-block=""true"">Interpret engineering blueprints, ensuring all components are machined to exact aerospace specifications</p>
</li>
<li data-local-id=""6c79ff87-9c19-4be0-b594-fc2bbae09d5b"" data-prosemirror-content-type=""node"" data-prosemirror-node-name=""listItem"" data-prosemirror-node-block=""true"">
<p data-local-id=""4e262e1407fc"" data-prosemirror-content-type=""node"" data-prosemirror-node-name=""paragraph"" data-prosemirror-node-block=""true"">Work with the tightest tolerances in a prototype-heavy, low-volume production environment</p>
</li>
<li data-local-id=""93eddda0-0c3a-447a-aa73-7ef325ff8833"" data-prosemirror-content-type=""node"" data-prosemirror-node-name=""listItem"" data-prosemirror-node-block=""true"">
<p data-local-id=""cef8a5e89fcd"" data-prosemirror-content-type=""node"" data-prosemirror-node-name=""paragraph"" data-prosemirror-node-block=""true"">Ability to work independently to solve machining challenges and provide feedback and process improvements to the engineering team</p>
</li>
<li data-local-id=""96442839-ddf5-48de-a507-188b41ed9fd0"" data-prosemirror-content-type=""node"" data-prosemirror-node-name=""listItem"" data-prosemirror-node-block=""true"">
<p data-local-id=""da94447eb382"" data-prosemirror-content-type=""node"" data-prosemirror-node-name=""paragraph"" data-prosemirror-node-block=""true"">Willingness to manage production data like CAM files</p>
</li>
</ul>
</div><p><br></p><b>Required Qualifications</b><ul>
<li>A minimum of 5 years of experience in CNC machining, with a strong background in prototyping and one-off production</li>
<li data-local-id=""ecc23311-0f72-4669-abb1-8ad80ef739c0"" data-prosemirror-content-type=""node"" data-prosemirror-node-name=""listItem"" data-prosemirror-node-block=""true"">
<p data-local-id=""cb91eff9a135"" data-prosemirror-content-type=""node"" data-prosemirror-node-name=""paragraph"" data-prosemirror-node-block=""true"">Minimum 2 years of experience with CAM software and ability to program 3 axis mills</p>
</li>
<li data-local-id=""dcbea6bc-52d7-440f-bcb4-c28a25d9c148"" data-prosemirror-content-type=""node"" data-prosemirror-node-name=""listItem"" data-prosemirror-node-block=""true"">
<p data-local-id=""fa8720937ac6"" data-prosemirror-content-type=""node"" data-prosemirror-node-name=""paragraph"" data-prosemirror-node-block=""true"">Ability to program and setup jobs for CNC mills with minimal assistance</p>
</li>
<li data-local-id=""aafd148d-d541-4d57-ad07-682f1fab60b3"" data-prosemirror-content-type=""node"" data-prosemirror-node-name=""listItem"" data-prosemirror-node-block=""true"">
<p data-local-id=""ec75a4fc250d"" data-prosemirror-content-type=""node"" data-prosemirror-node-name=""paragraph"" data-prosemirror-node-block=""true"">Experience working to aerospace manufacturing requirements such as AS9100D or ISO 9001</p>
</li>
<li data-local-id=""a23e1454-d1e4-4547-b62f-a24230d139b0"" data-prosemirror-content-type=""node"" data-prosemirror-node-name=""listItem"" data-prosemirror-node-block=""true"">
<p data-local-id=""2449b006dc90"" data-prosemirror-content-type=""node"" data-prosemirror-node-name=""paragraph"" data-prosemirror-node-block=""true"">Experience interpreting blueprints and recommending machinability improvements</p>
</li>
<li data-local-id=""5f430fb9-4740-474a-97dd-a05ef66adf8c"" data-prosemirror-content-type=""node"" data-prosemirror-node-name=""listItem"" data-prosemirror-node-block=""true"">
<p data-local-id=""dd541ab27aeb"" data-prosemirror-content-type=""node"" data-prosemirror-node-name=""paragraph"" data-prosemirror-node-block=""true"">Understanding of Geometric Dimensioning and Tolerancing (GD&amp;T) principles</p>
</li>
<li data-local-id=""a9cb1ead-6df4-4e09-8d80-503328452314"" data-prosemirror-content-type=""node"" data-prosemirror-node-name=""listItem"" data-prosemirror-node-block=""true"">
<p data-local-id=""848b7b5b1dd2"" data-prosemirror-content-type=""node"" data-prosemirror-node-name=""paragraph"" data-prosemirror-node-block=""true"">Strong communication skills and ability to effectively interface with engineering, manufacturing, and production personnel</p>
</li>
</ul><p><br></p><b>ITAR Regulations</b><ul>
<li>To conform to U.S. Government export regulations, applicant must be a US Citizen, Green Card holder, or be eligible to obtain the required authorizations from the U.S. Department of State. Learn more about the ITAR&nbsp;<a rel=""noopener noreferrer"" href=""https://www.pmddtc.state.gov/?id=ddtc_kb_article_page&amp;sys_id=24d528fddbfc930044f9ff621f961987"" class=""postings-link"">here</a>.&nbsp;</li>
</ul><p><br></p><b>Bonus Points</b><ul data-local-id=""8ff3f2e6-75ce-4107-b4e1-2f0cfbe1edf4"" data-prosemirror-content-type=""node"" data-prosemirror-node-name=""bulletList"" data-prosemirror-node-block=""true"" data-pm-slice=""3 3 []"">
<li data-local-id=""bfdbbdc4-5dad-4a7e-ab4a-46e406daeb1f"" data-prosemirror-content-type=""node"" data-prosemirror-node-name=""listItem"" data-prosemirror-node-block=""true"">
<p data-local-id=""9921f7aa1c0e"" data-prosemirror-content-type=""node"" data-prosemirror-node-name=""paragraph"" data-prosemirror-node-block=""true"">Experience with aerospace flight hardware or drone manufacturing</p>
</li>
<li data-local-id=""d5631c8b-93b5-4fdb-beac-6258bb17e4c9"" data-prosemirror-content-type=""node"" data-prosemirror-node-name=""listItem"" data-prosemirror-node-block=""true"">
<p data-local-id=""b2ef4e34988c"" data-prosemirror-content-type=""node"" data-prosemirror-node-name=""paragraph"" data-prosemirror-node-block=""true"">CNC Lathe setup, programming, and operation</p>
</li>
<li data-local-id=""788137b7-5dfd-473e-b3b0-bae908a61c59"" data-prosemirror-content-type=""node"" data-prosemirror-node-name=""listItem"" data-prosemirror-node-block=""true"">
<p data-local-id=""6c442bfb0afb"" data-prosemirror-content-type=""node"" data-prosemirror-node-name=""paragraph"" data-prosemirror-node-block=""true"">Conventional Mill and lathe operation</p>
</li>
<li data-local-id=""e64c5440-04b5-4f63-8d3c-d7af916301f4"" data-prosemirror-content-type=""node"" data-prosemirror-node-name=""listItem"" data-prosemirror-node-block=""true"">
<p data-local-id=""966c7aef4dff"" data-prosemirror-content-type=""node"" data-prosemirror-node-name=""paragraph"" data-prosemirror-node-block=""true"">Hand fabrication and prototyping experience</p>
</li>
<li data-local-id=""0f7f8ab1-ce9a-41e7-a0ed-cb8b5a465146"" data-prosemirror-content-type=""node"" data-prosemirror-node-name=""listItem"" data-prosemirror-node-block=""true"">
<p data-local-id=""e9e0abe032b2"" data-prosemirror-content-type=""node"" data-prosemirror-node-name=""paragraph"" data-prosemirror-node-block=""true"">Strong GD&amp;T skills</p>
</li>
<li data-local-id=""d6a68f99-2fa5-40d5-8442-fae5a8d1ef82"" data-prosemirror-content-type=""node"" data-prosemirror-node-name=""listItem"" data-prosemirror-node-block=""true"">
<p data-local-id=""bd100bf86d16"" data-prosemirror-content-type=""node"" data-prosemirror-node-name=""paragraph"" data-prosemirror-node-block=""true"">CAD experience (SolidWorks preferred) designing fixturing or workholding</p>
</li>
</ul><p><br></p><b>Physical Demands</b><ul>
<li>Lifting or carrying requirements (e.g., lift up to 50lbs)</li>
<li>Standing or walking for long periods</li>
<li>Repetitive motions (typing, assembly work)</li>
<li>Bending, kneeling, climbing, or crouching</li>
<li>Exposure to environmental conditions (noise, heat, hazardous materials)</li>
<li>Use of equipment or manual dexterity requirements</li>
</ul><p><br></p><b>What We Offer</b><ul>
<li>Competitive rates, stock options and benefits, including health, vision and dental.</li>
<li>401K enrollment at 90 days</li>
<li>Generous PTO + most Federal Holidays observed</li>
<li>Collaborative and inclusive work environment</li>
<li>Access to the latest tools and technologies</li>
<li>High levels of responsibility and autonomy</li>
<li>Professional growth and development opportunities</li>
<li>Access to the hardest problems in electronic warfare</li>
</ul><p><br></p><p></p>\n<div>$40 - $60 an hour</div><small><div><span style=""font-size: 16px;"">This position is non-exempt (hourly). Rates will be determined by experience level</span></div></small>\n<p><span style=""font-size: 16px"">CX2 is a next-generation defense technology company securing spectrum dominance for the United States and its allies. We build AI-enabled hardware and software platforms to detect, disrupt, and defend the electromagnetic spectrum across land, air, sea, and space. Our systems are deployed in the most contested operational environments in the world. Weâre backed by leading venture investors in the defense ecosystem and led by founders with track records at Meta, SpaceX, Epirus, and the U.S. Department of Defense.</span></p><p><br></p><p><b style=""font-size: 16px"">Equal Opportunity Employer </b></p><p><span style=""font-size: 16px"">CX2 is committed to&nbsp;equal employment opportunity. All qualified applicants will receive consideration for employment&nbsp;without regard to race, color, religion, sex, gender identity, sexual orientation, national origin, disability, veteran status, or any other protected characteristic&nbsp;under federal, state, or local law, including those with a criminal history, in compliance with the&nbsp;CA Fair Chance Initiative for Hiring Ordinance.</span></p><p><br></p><p><span style=""font-size: 16px"">To view CX2's privacy policy, please visit: </span><a href=""https://www.cx2.com/privacy""><span style=""font-size: 16px"">https://www.cx2.com/privacy</span></a></p><br/><br/>Please mention the word **PLEASURABLY** and tag RMjYwMDoxNzAyOjJlOTA6OWJjMDpjOGIxOjQyYWU6NDQ0ZDplOTQ4 when applying to show you read the job post completely (#RMjYwMDoxNzAyOjJlOTA6OWJjMDpjOGIxOjQyYWU6NDQ0ZDplOTQ4). This is a beta feature to avoid spam applicants. Companies can search these words to find applicants that read this and see they're human.",https://remoteOK.com/remote-jobs/remote-cnc-machinist-milling-cx2-1131532,2026-05-09T16:00:33+00:00
Staff Product Manager Enterprise,LiveKit,,"manager, technical, developer, growth, code, voice, strategy, sales, go, engineering, digital nomad","<h2>About LiveKit</h2><p style=""min-height:1.5em"">LiveKit is the developer platform for building and operating real-time voice AI agents. We started as the leading open-source WebRTC platform and have grown into a comprehensive stack: SDKs and developer tooling, agent hosting, inference, telephony, and observability. Our goal is to become the default platform for voice agents, the way Stripe became the default for payments.</p><p style=""min-height:1.5em"">We're venture-backed, growing fast, and working with some of the largest companies in the world as they deploy voice agents at massive scale.</p><p style=""min-height:1.5em""></p><h2><strong>You'll thrive at LiveKit if you:</strong></h2><ul style=""min-height:1.5em""><li><p style=""min-height:1.5em"">obsess with crafting code that is fast, reliable and practical for the problem</p></li><li><p style=""min-height:1.5em"">are known as the go-to person for tackling tough technical problems</p></li><li><p style=""min-height:1.5em"">work hard and can build <em>and</em> ship fast</p></li><li><p style=""min-height:1.5em"">can clearly explain complex technical concepts to others</p></li><li><p style=""min-height:1.5em"">are a fast learner, frequently picking up new languages and tools</p></li></ul><p style=""min-height:1.5em"">The best way to impress us is with thoughtful Issues and/or PRs on our Github repos ð</p><p style=""min-height:1.5em""></p><h2><strong>About This Role: </strong></h2><p style=""min-height:1.5em"">We're looking for a Product Manager to own the relationship between our product/engineering teams and the customers in our sales cycle. That includes everything from mid-market commercial accounts to seven-figure-plus enterprise deals.</p><p style=""min-height:1.5em"">Today, our PM team is small and high-leverage. Each PM acts as a bridge between a go-to-market motion and the engineering teams that build the platform. This role is the counterpart to our Growth PM (who focuses on self-serve developer adoption). You'll be the primary product voice for customers going through the sales process and scaling in production.</p><p style=""min-height:1.5em"">This means you'll spend real time with customers and prospects, deeply understand what's blocking them from going to production or expanding usage, and translate that into roadmap priorities that engineering teams can act on. You'll also be the connective tissue between our sales org and engineering, making sure both sides have context, alignment, and a shared sense of what matters.</p><p style=""min-height:1.5em""></p><h2><strong>What You'll Do: </strong></h2><ul style=""min-height:1.5em""><li><p style=""min-height:1.5em""><strong>Be the product expert in the room for sales-cycle customers.</strong> Join calls, understand technical requirements, and help prospects see how LiveKit fits their architecture, working alongside solutions engineers and account executives.</p></li><li><p style=""min-height:1.5em""><strong>Organize and prioritize customer asks.</strong> Build a clear, consolidated view of what sales-cycle customers need, how urgent it is, and which engineering teams are responsible. Replace scattered threads with real visibility.</p></li><li><p style=""min-height:1.5em""><strong>Translate customer needs into roadmap.</strong> Synthesize patterns across customer conversations into clear product priorities. Work with engineering leads to shape what gets built and when.</p></li><li><p style=""min-height:1.5em""><strong>Bridge sales and engineering.</strong> Build the communication loops so sales knows what's coming and engineering knows what customers are asking for. This is not a process-heavy role. It's about high-bandwidth, trust-based relationships across teams that operate with a lot of autonomy.</p></li><li><p style=""min-height:1.5em""><strong>Arm the GTM team.</strong> Equip sales with the roadmap context, competitive positioning, and product knowledge they need to close and expand deals. Help shape packaging and pricing for enterprise offerings.</p><p style=""min-height:1.5em""></p></li></ul><h2><strong>Who You Are: </strong></h2><ul style=""min-height:1.5em""><li><p style=""min-height:1.5em""><strong>8+ years in product management</strong>, with significant experience working with enterprise sales motions. You've been the PM that sales teams rely on.</p></li><li><p style=""min-height:1.5em""><strong>Technical depth.</strong> You can hold your own in conversations about infrastructure, APIs, WebRTC, telephony, or AI/ML pipelines. You don't need to write code, but you need to understand systems well enough to earn trust with engineers and make good tradeoffs.</p></li><li><p style=""min-height:1.5em""><strong>Strong customer instincts.</strong> You've spent time directly with enterprise customers and can quickly identify what's a real blocker vs. a nice-to-have. You know how to distill signal from a dozen different customer conversations.</p></li><li><p style=""min-height:1.5em""><strong>Cross-functional influence.</strong> You're effective at aligning teams without authority over them. LiveKit's engineering teams operate with high autonomy. You'll influence through clarity, trust, and good judgment, not process or hierarchy.</p></li><li><p style=""min-height:1.5em""><strong>Communication as a superpower.</strong> You write clearly, present well, and can context-switch between a board-level strategy conversation and a detailed technical discussion with an engineering lead.</p></li><li><p style=""min-height:1.5em""><strong>Comfort with ambiguity.</strong> We're a small product team at a fast-growing company. You'll need to figure out what matters, prioritize ruthlessly, and move quickly without waiting for perfect information.</p></li></ul><p style=""min-height:1.5em""></p><h2><strong>Bonus points</strong></h2><ul style=""min-height:1.5em""><li><p style=""min-height:1.5em"">Experience at a developer tools or infrastructure company</p></li><li><p style=""min-height:1.5em"">Familiarity with real-time communication, WebRTC, or telephony</p></li><li><p style=""min-height:1.5em"">Background in AI/ML platforms or voice AI specifically</p></li><li><p style=""min-height:1.5em"">Experience with usage-based pricing models</p><p style=""min-height:1.5em""></p></li></ul><h2><strong>Why LiveKit</strong></h2><ul style=""min-height:1.5em""><li><p style=""min-height:1.5em""><strong>Real impact, fast.</strong> Our platform is already running hundreds of millions of agent minutes per month for some of the world's largest companies. You'll shape how that scales.</p></li><li><p style=""min-height:1.5em""><strong>Open source at the core.</strong> We build in the open where possible and our developer community is a genuine competitive advantage.</p></li><li><p style=""min-height:1.5em""><strong>Small team, big leverage.</strong> The product org is lean. You won't be writing PRDs that go into a queue. You'll be directly shaping what gets built.</p></li><li><p style=""min-height:1.5em""><strong>The market is moving.</strong> Voice AI is in its early innings. LiveKit is positioned to define how this industry scales, and this role is at the center of that.</p><p style=""min-height:1.5em""></p></li></ul><h2><strong>We offer</strong></h2><ul style=""min-height:1.5em""><li><p style=""min-height:1.5em"">Competitive salary and equity package</p></li><li><p style=""min-height:1.5em"">Health, dental, and vision benefits</p></li><li><p style=""min-height:1.5em"">Flexible vacation policy</p></li></ul><p style=""min-height:1.5em""></p><p style=""min-height:1.5em""><em>LiveKit is an equal opportunity employer and does not discriminate on the basis of any characteristic protected by applicable law. If you require a reasonable accommodation during the application or interview process, please contact </em><a target=""_blank"" rel=""noopener noreferrer"" href=""mailto:recruiting@livekit.io""><em>recruiting@livekit.io</em></a><em>.</em></p><br/><br/>Please mention the word **ENVIOUSNESS** and tag RMjYwMDoxNzAyOjJlOTA6OWJjMDpjOGIxOjQyYWU6NDQ0ZDplOTQ4 when applying to show you read the job post completely (#RMjYwMDoxNzAyOjJlOTA6OWJjMDpjOGIxOjQyYWU6NDQ0ZDplOTQ4). This is a beta feature to avoid spam applicants. Companies can search these words to find applicants that read this and see they're human.",https://remoteOK.com/remote-jobs/remote-staff-product-manager-enterprise-livekit-1131531,2026-05-09T16:00:24+00:00
Customer Support Representative,Boom Entertainment,Remote,"gaming, consultant, support, operations","Boom Entertainment is redefining the way fans engage with sports through innovative, high-quality sports products. Our flagship app, Boom Sports, delivers a fast, fun, and accessible Daily Fantasy Sports experience thatâs open to players of all skill levels. To date, players on Boom Sports have won close to $100 million in prizes, and our user base continues to grow as more fans choose Boom as their go-to place to play.

Boom is a small team with high standards. We move fast, operate with urgency, and expect high ownership. You will be trusted to figure things out, spot issues early, and drive solutions without heavy process or close oversight. If you want responsibility and work that has real impact, Boom can be an excellent fit. If you prefer a slower pace, highly defined tasks, or being told exactly what to do each day, Boom may not be the right environment.

We are seeking a fully remote Customer Support Representative. Schedule flexibility is important, as shifts may vary. The initial schedule will be Sunday through Thursday, 11:00 a.m. to 7:00 p.m. ET, with the possibility of changes over time.

This is a contract-to-hire role (U.S.) or an international consultant position (outside the U.S.).

For international candidates: Compensation will be set in line with competitive local market rates for this role and level of experience.

Responsibilities: 
- High volume live Customer Support for contest entrants via email and live chat feature - Zendesk and Intercom
- Handling support requests and escalating them to the appropriate parties 
- Monitor for critical site issues and escalate to the proper channels to ensure a speedy resolution
- Resolve contest inquiries regarding sporting rules & account and billing inquiries from users
- Requests include: verifying user identities during sign-up, gameplay questions, the status of withdrawals, and more

Qualifications: 
- 2+ years of experience in a customer support or operations role (sports, tech, start-up, a plus) 
- Proven ability to handle high-stakes, time-sensitive customer inquiries with empathy and professionalism, particularly in real-money or high-engagement environments
- Knowledge of and enthusiasm for sports, sports gaming, and technology are a must 
- Knowledge of online gaming fraud, payments, gaming tools, s<br/><br/>Please mention the word **DIVINE** and tag RMjYwMDoxNzAyOjJlOTA6OWJjMDpjOGIxOjQyYWU6NDQ0ZDplOTQ4 when applying to show you read the job post completely (#RMjYwMDoxNzAyOjJlOTA6OWJjMDpjOGIxOjQyYWU6NDQ0ZDplOTQ4). This is a beta feature to avoid spam applicants. Companies can search these words to find applicants that read this and see they're human.",https://remoteOK.com/remote-jobs/remote-customer-support-representative-boom-entertainment-1131530,2026-05-09T16:00:18+00:00
Lead Software Engineer,CSC Generation,Remote - Canada,"software, design, python, django, technical, developer, growth, director, code, voice, manager, api, lead, senior, junior, recruiting, engineer, engineering, digital nomad","<p>
</p><p style=""margin: 0in 0in 8pt; line-height: 115%; font-size: 12pt; font-family: Aptos, sans-serif;"">Design Your Future With Us. Creativity lives here. We celebrate craftsmanship, design, and inspired living. Whether you are in marketing, tech, or logistics, your voice and vision matter. We showcase employee spaces, share design stories, and promote growth through a culture of flexibility, storytelling, and opportunity. From onboarding to day-to-day, we help you bring your style to life.</p>
<p style=""margin: 0in 0in 8pt; line-height: 115%; font-size: 12pt; font-family: Aptos, sans-serif;"">&nbsp;</p>
<p style=""margin: 0in 0in 8pt; line-height: 115%; font-size: 12pt; font-family: Aptos, sans-serif;""><strong>Reports to:</strong> Director of Engineering&nbsp;</p>
<p style=""margin: 0in 0in 8pt; line-height: 115%; font-size: 12pt; font-family: Aptos, sans-serif;""><strong>Location:</strong>&nbsp;Remote, United States</p>
<p></p>\n<p></p><p><br></p><b>About the Role</b><div>
<p style=""margin: 0in 0in 8pt; line-height: 115%; font-size: 12pt; font-family: Aptos, sans-serif;"">Our retail platform is scaling across multiple brands and needs a senior engineer who can own a service area end-to-end â setting technical direction, writing production code daily, and raising the bar for the developers around you. As&nbsp;<strong>Software Engineer (Team Lead)</strong>, you will serve as the technical owner for a core area of our retail service cloud, designing approaches, contributing code, and mentoring engineers while driving the roadmap from legacy replacement through new feature delivery.</p>
<p style=""margin: 0in 0in 8pt; line-height: 115%; font-size: 12pt; font-family: Aptos, sans-serif;"">In your first 6â12 months, success means you have shipped meaningful improvements to the platform, replaced targeted legacy services, and established clear technical standards that the team follows without prompting.</p>
<p style=""margin: 0in 0in 8pt; line-height: 115%; font-size: 12pt; font-family: Aptos, sans-serif;"">This is a lean team. You will own a lot, move fast, and make decisions with full end-to-end responsibility.</p>
</div><p><br></p><b>What You'll Do</b><div>
<ul type=""disc"" style=""margin-top: 0in; margin-bottom: 0in;"">
<li style=""margin-top: 0in; margin-right: 0in; margin-bottom: 8pt; line-height: 115%; font-size: 12pt; font-family: Aptos, sans-serif;"">Serve as technical owner for your area or service within the retail service cloud, setting architecture direction and maintaining quality standards</li>
<li style=""margin-top: 0in; margin-right: 0in; margin-bottom: 8pt; line-height: 115%; font-size: 12pt; font-family: Aptos, sans-serif;"">Design, build, and ship features â reading and writing code daily alongside the team</li>
<li style=""margin-top: 0in; margin-right: 0in; margin-bottom: 8pt; line-height: 115%; font-size: 12pt; font-family: Aptos, sans-serif;"">Identify and resolve technical challenges across the stack, from profiling and refactoring to scaling the platform</li>
<li style=""margin-top: 0in; margin-right: 0in; margin-bottom: 8pt; line-height: 115%; font-size: 12pt; font-family: Aptos, sans-serif;"">Replace legacy code and services with modern, maintainable solutions and optimize the overall stack</li>
<li style=""margin-top: 0in; margin-right: 0in; margin-bottom: 8pt; line-height: 115%; font-size: 12pt; font-family: Aptos, sans-serif;"">Build frameworks and reusable patterns for upcoming projects across the portfolio</li>
<li style=""margin-top: 0in; margin-right: 0in; margin-bottom: 8pt; line-height: 115%; font-size: 12pt; font-family: Aptos, sans-serif;"">Plan and communicate product roadmaps, triage sprint tickets, and push back on requests when technical tradeoffs demand it</li>
<li style=""margin-top: 0in; margin-right: 0in; margin-bottom: 8pt; line-height: 115%; font-size: 12pt; font-family: Aptos, sans-serif;"">Mentor junior engineers through code review, pairing, and hands-on problem solving</li>
<li style=""margin-top: 0in; margin-right: 0in; margin-bottom: 8pt; line-height: 115%; font-size: 12pt; font-family: Aptos, sans-serif;"">Help build the team by driving developer productivity and contributing to hiring decisions</li>
</ul>
</div><p><br></p><b>Required Qualifications</b><div>
<ul type=""disc"" style=""margin-top: 0in; margin-bottom: 0in;"">
<li style=""margin-top: 0in; margin-right: 0in; margin-bottom: 8pt; line-height: 115%; font-size: 12pt; font-family: Aptos, sans-serif;"">Strong hands-on experience with TypeScript/JavaScript, React, and Node.js</li>
<li style=""margin-top: 0in; margin-right: 0in; margin-bottom: 8pt; line-height: 115%; font-size: 12pt; font-family: Aptos, sans-serif;"">Proficiency / production experience with API Gateway, AWS Lambda, S3, DynamoDB.</li>
<li style=""margin-top: 0in; margin-right: 0in; margin-bottom: 8pt; line-height: 115%; font-size: 12pt; font-family: Aptos, sans-serif;"">Comfortable with IAM and CloudWatch for debugging + least-privilege design</li>
<li style=""margin-top: 0in; margin-right: 0in; margin-bottom: 8pt; line-height: 115%; font-size: 12pt; font-family: Aptos, sans-serif;"">Experience with Python and Django or comparable server-side frameworks</li>
<li style=""margin-top: 0in; margin-right: 0in; margin-bottom: 8pt; line-height: 115%; font-size: 12pt; font-family: Aptos, sans-serif;"">Track record of owning a product or service area technically â architecture decisions, code quality, and delivery outcomes</li>
<li style=""margin-top: 0in; margin-right: 0in; margin-bottom: 8pt; line-height: 115%; font-size: 12pt; font-family: Aptos, sans-serif;"">Demonstrated ability to mentor and elevate other engineers while remaining a significant individual contributor</li>
<li style=""margin-top: 0in; margin-right: 0in; margin-bottom: 8pt; line-height: 115%; font-size: 12pt; font-family: Aptos, sans-serif;"">Experience replacing or modernizing legacy systems in a production environment</li>
<li style=""margin-top: 0in; margin-right: 0in; margin-bottom: 8pt; line-height: 115%; font-size: 12pt; font-family: Aptos, sans-serif;"">Comfort triaging competing priorities, planning sprints, and communicating technical details to non-technical stakeholders</li>
<li style=""margin-top: 0in; margin-right: 0in; margin-bottom: 8pt; line-height: 115%; font-size: 12pt; font-family: Aptos, sans-serif;"">Strong opinions on code quality and engineering best practices, held loosely enough to find the best solution collaboratively</li>
</ul>
</div><p><br></p><b>Preferred Qualifications</b><div>
<ul type=""disc"" style=""margin-top: 0in; margin-bottom: 0in;"">
<li style=""margin-top: 0in; margin-right: 0in; margin-bottom: 8pt; line-height: 115%; font-size: 12pt; font-family: Aptos, sans-serif;"">Experience with retail, e-commerce, or multi-brand platform environments</li>
<li style=""margin-top: 0in; margin-right: 0in; margin-bottom: 8pt; line-height: 115%; font-size: 12pt; font-family: Aptos, sans-serif;"">Familiarity with cloud-native architectures and microservices patterns</li>
<li style=""margin-top: 0in; margin-right: 0in; margin-bottom: 8pt; line-height: 115%; font-size: 12pt; font-family: Aptos, sans-serif;"">Prior experience in a technical lead role on a small, high-output team</li>
</ul>
</div><p><br></p><b>Why Join </b><div>
<p style=""margin: 0in 0in 8pt; line-height: 115%; font-size: 12pt; font-family: Aptos, sans-serif;"">The people who do best here are builders. They take ownership, move fast, and want to see the direct impact of their work.</p>
<ul type=""disc"" style=""margin-top: 0in; margin-bottom: 0in;"">
<li style=""margin-top: 0in; margin-right: 0in; margin-bottom: 8pt; line-height: 115%; font-size: 12pt; font-family: Aptos, sans-serif;""><strong>Cross-Functional Impact:</strong>&nbsp;Your technical decisions will shape services that power multiple brands across the portfolio â the scope of your work is visible and immediate.</li>
<li style=""margin-top: 0in; margin-right: 0in; margin-bottom: 8pt; line-height: 115%; font-size: 12pt; font-family: Aptos, sans-serif;""><strong>Skill Building:</strong>&nbsp;Work alongside senior engineers who will challenge your thinking, with daily exposure to modern frameworks, platform-scale problems, and AI-augmented tooling.</li>
<li style=""margin-top: 0in; margin-right: 0in; margin-bottom: 8pt; line-height: 115%; font-size: 12pt; font-family: Aptos, sans-serif;""><strong>End-to-End Ownership:</strong>&nbsp;Own your service area from architecture through delivery â no waiting for approvals or handing off to another team.</li>
<li style=""margin-top: 0in; margin-right: 0in; margin-bottom: 8pt; line-height: 115%; font-size: 12pt; font-family: Aptos, sans-serif;""><strong>Competitive Benefits:</strong>&nbsp;Paid time off policies, 401(k) match, medical/dental/vision and a variety of supplemental policies, and employee discounts across our portfolio of brands.</li>
</ul>
</div><p><br></p><b>Interview Process </b><div>
<ol type=""1"" start=""1"" style=""margin-top: 0in; margin-bottom: 0in;"">
<li style=""margin-top: 0in; margin-right: 0in; margin-bottom: 8pt; line-height: 115%; font-size: 12pt; font-family: Aptos, sans-serif;""><strong>Recruiter Screen</strong>&nbsp;- A 30-minute conversation with our recruiting team to align on the role, your background, and what you are looking for.</li>
<li style=""margin-top: 0in; margin-right: 0in; margin-bottom: 8pt; line-height: 115%; font-size: 12pt; font-family: Aptos, sans-serif;""><strong>Hiring Manager Interview</strong>&nbsp;- A deeper conversation focused on your technical leadership experience, how you approach ownership of a service area, and team dynamics.</li>
<li style=""margin-top: 0in; margin-right: 0in; margin-bottom: 8pt; line-height: 115%; font-size: 12pt; font-family: Aptos, sans-serif;""><strong>Technical / Coding Challenge</strong>&nbsp;- A hands-on coding exercise to assess your problem-solving approach, code quality, and comfort working in the stack.</li>
<li style=""margin-top: 0in; margin-right: 0in; margin-bottom: 8pt; line-height: 115%; font-size: 12pt; font-family: Aptos, sans-serif;""><strong>Possible In-Person Interview</strong> - Details and logistics will be arranged with your recruiter.</li>
<li style=""margin-top: 0in; margin-right: 0in; margin-bottom: 8pt; line-height: 115%; font-size: 12pt; font-family: Aptos, sans-serif;""><strong>Reference Checks</strong>&nbsp;- Conducted in parallel with the final stages where possible.</li>
<li style=""margin-top: 0in; margin-right: 0in; margin-bottom: 8pt; line-height: 115%; font-size: 12pt; font-family: Aptos, sans-serif;""><strong>Offer</strong>&nbsp;- We move quickly for the right candidate.</li>
</ol>
<div style=""margin-top: 0in;margin-right: 0in;margin-bottom: 8pt;line-height: 115%;font-size: 12pt;font-family: Aptos, sans-serif;"">
<p style=""margin: 0in 0in 8pt; line-height: 115%; font-size: 12pt; font-family: Aptos, sans-serif;""><em>Interview process is subject to change. Any updates will be communicated promptly and clearly.</em></p>
</div>
</div><p><br></p><p></p>\n<p>
</p><p style=""margin: 0in 0in 8pt; line-height: 115%; font-size: 12pt; font-family: Aptos, sans-serif;"">CSC Generation is an equal opportunity employer. We do not discriminate on the basis of race, color, religion, sex, sexual orientation, gender identity, national origin, age, disability, veteran status, or any other characteristic protected by law.</p>
<p style=""margin: 0in 0in 8pt; line-height: 115%; font-size: 12pt; font-family: Aptos, sans-serif;"">The CSC Generation family of brands is committed to providing reasonable accommodations for qualified individuals with disabilities in our job application procedures. If you need assistance or accommodation due to a disability, please contact hrbenefits@cscshared.com.</p>
<p style=""margin: 0in 0in 8pt; line-height: 115%; font-size: 12pt; font-family: Aptos, sans-serif;"">For US-based candidates, this posting is intended for candidates that reside in the following states:<br>AZ, DE, FL, GA, IN, LA, MI, MS, MO, NV, NC, OK, PA, TN, TX, UT, WV, WI, and WY.</p>
<p></p><br/><br/>Please mention the word **IDEALLY** and tag RMjYwMDoxNzAyOjJlOTA6OWJjMDpjOGIxOjQyYWU6NDQ0ZDplOTQ4 when applying to show you read the job post completely (#RMjYwMDoxNzAyOjJlOTA6OWJjMDpjOGIxOjQyYWU6NDQ0ZDplOTQ4). This is a beta feature to avoid spam applicants. Companies can search these words to find applicants that read this and see they're human.",https://remoteOK.com/remote-jobs/remote-lead-software-engineer-csc-generation-1131529,2026-05-09T08:00:10+00:00
Marketing Copywriter,BIS Safety Software,"Toronto, Ontario","dev, copywriter, saas, system, training, technical, support, software, copywriting, growth, video, seo, strategy, management, lead, content, marketing, recruitment, digital nomad","<p><em><strong>BIS Safety Software</strong></em> is a SaaS company on a mission to change how organizations manage safety, learning, and compliance. As we continue to grow, clear and consistent messaging across our marketing channels is increasingly important. We are looking for a&nbsp;<strong>Marketing Copywriter</strong> who can help lead that effort.</p>
<p>&nbsp;</p>
<p><span style=""font-size: 18px;""><strong>About this role:</strong></span></p>
<p>&nbsp;</p>
<p>You'll own the<strong> quality, clarity, and consistency of BIS marketing messaging. </strong><span style=""font-size: 11pt;"">You will work closely with marketing leadership to understand the companyâs positioning and translate it into clear, compelling copy across a wide range of channels. This includes everything from advertising and website content to buyer guides, campaigns, product messaging, and video scripts. </span></p>
<p>&nbsp;</p>
<p><span style=""font-size: 14.6667px;"">The role requires someone who enjoys&nbsp;</span><strong style=""font-size: 14.6667px;"">thinking deeply about how customers interpret messaging</strong><span style=""font-size: 14.6667px;"">, and how different audiences respond to different types of communication. At BIS, copywriting is not simply writing. It is about&nbsp;</span><strong style=""font-size: 14.6667px;"">understanding the psychology of buyers and shaping how the market understands our product.</strong></p>
<p>&nbsp;</p>
<p><span style=""font-size: 18px;""><strong>What does success look like in this role? </strong></span></p>
<p>&nbsp;</p>
<p><span style=""font-size: 16px;""><strong>Speed of output, and strong technical understanding of our digital product</strong>. We produce a high volume of marketing content across campaigns, website pages, guides, and digital initiatives. The right candidate can write quickly while maintaining clarity and quality. And </span><span style=""font-size: 11pt;"">copywriting is not treated as a support function. This role has real influence over how the company communicates with the market.</span></p>
<p>&nbsp;</p>
<p>This is a remote position.&nbsp;</p>\n<p></p><p><br></p><b>In this role, you'll be expected to:</b><ul>
<li><strong>Own Marketing Messaging Quality </strong>-<strong>&nbsp;</strong>ensure consistency of messaging across marketing channels, maintain clarity and discipline in how the company communicates its value, and help refine the language used to describe our platform and capabilities</li>
<li><strong>Develop a Working Understanding of the BIS Platform</strong> - write accurate and credible marketing copy, the copywriter must develop a strong working understanding of how the BIS platform functions. This includes learning the core capabilities of the system and ensuring that marketing messaging accurately reflects what the software can actually do.<strong>&nbsp;</strong>The goal is to ensure that marketing copy remains&nbsp;<strong>aligned with real product functionality</strong>, while still communicating value clearly to the market.</li>
<li><strong>Write and Develop Marketing Content</strong> - you will create and refine copy for a variety of marketing initiatives including Website pages and landing pages, digital advertising campaigns, buyer guides and marketing assets, campaign messaging and promotional materials, video scripts and product marketing content, and email campaigns and marketing communications</li>
<li><strong>Understand the Buyer</strong> - strong marketing copy requires understanding how buyers think. You will work with the marketing team to develop messaging that reflects different customer types, different levels of buyer sophistication, and different stages of the purchasing journey</li>
<li><strong>Work Across Marketing Channels</strong> - sessaging at BIS appears in many forms. You will contribute copy and messaging for digital marketing campaigns, website content, SEO and AEO-driven content initiatives, marketing guides and downloadable assets, and product-focused marketing materials</li>
<li><strong>Use AI as a Professional Tool</strong> - AI is increasingly part of modern marketing workflows. In this role you will use AI tools to assist research and content development, refine and elevate AI-assisted drafts into high-quality marketing copy, and help the team use AI more effectively in marketing workflows</li>
</ul><p><br></p><b>You might be the right fit if you:</b><ul>
<li>Are someone who enjoys&nbsp;<strong>thinking deeply about messaging</strong>&nbsp;and how customers respond to it</li>
<li><strong>Have 1+ years of professional marketing copywriting experience</strong></li>
<li>Possess a strong ability to translate complex systems into clear messaging</li>
<li>Are an excellent judgment about tone, clarity, and positioning</li>
<li>Have an ability to write quickly without sacrificing quality</li>
<li><strong>Thrive working in a fast-paced marketing environment</strong></li>
<li>Have experience using AI tools as part of modern content workflows</li>
<li>Are comfortable receiving feedback and iterating quickly, reducing revision cycles over time</li>
<li>Are humble, eager to learn, and happy to ask questions and seek clarity where needed</li>
<li>Are energized by the challenge of making complex products easy to understand</li>
</ul><p><br></p><b>Bonus points if you have:</b><ul>
<li>Experience writing for SaaS platforms, particularly in safety, compliance, training, or other regulated industries</li>
<li>Familiarity with SEO copywriting principles and how content supports organic search performance</li>
<li>Experience writing across multiple formats including landing pages, email campaigns, video scripts, ad copy, and buyer guides</li>
<li>A working understanding of how marketing messaging connects to broader campaign strategy and lead generation</li>
<li>Exposure to content management systems and marketing automation platforms</li>
</ul><p><br></p><b>Compensation and benefits:</b><ul>
<li>Employee Stock Ownership Plan (ESOP)</li>
<li>Full medical, dental, and vision coverage</li>
<li>Life insurance and disability insurance</li>
<li>Health spending account</li>
<li>Flexible working hours</li>
<li>On-the-job training and growth opportunities</li>
</ul><p><br></p><p></p>\n<div>$65,000 - $80,000 a year</div><small><div><span style=""font-size: 10px;"">Salary ranges are based on experience, reflecting the unique skillset each individual brings to the role.</span></div></small>\n<p><strong style=""font-size: 18px;"">About BIS:</strong></p>
<p>&nbsp;</p>
<p><strong><em>BIS Safety Software</em></strong> has been headquartered in Sherwood Park, Alberta, since 2006. We build software that helps organizations manage safety training, learning, and compliance - and weâre growing!</p>
<p>&nbsp;</p>
<p>A few things that make us different: we donât use job titles internally - we value humility and contribution over hierarchy. We move fast, integrate new ideas quickly, and give people real ownership of their work. And through our Employee Stock Ownership Plan (ESOP), you have the opportunity to own a piece of the company youâre helping build.</p>
<p>&nbsp;</p>
<p>&nbsp;</p>
<p><strong style=""font-size: 18px;"">How to apply: </strong></p>
<p>&nbsp;</p>
<p>When applying,<strong> please include</strong>:</p>
<p>&nbsp;</p>
<p>â¢<span style=""font-size: 7pt;"">&nbsp;&nbsp;&nbsp;&nbsp;&nbsp;&nbsp;&nbsp; </span><strong>Two examples of marketing copy you have written </strong></p>
<p>â¢<span style=""font-size: 7pt;"">&nbsp;&nbsp;&nbsp;&nbsp;&nbsp;&nbsp;&nbsp; </span>A short explanation of the goal of each piece and the audience it was intended for</p>
<p>&nbsp;</p>
<p>We are interested in how candidates <strong>think about improving messaging</strong>, not just writing content.</p>
<p>&nbsp;</p>
<p>Visit our <a href=""http://www.bissafety.ca/careers"">Careers Page</a> for more information. We sincerely thank all applicants for their interest. Only those selected for interviews will be contacted.</p>
<p>&nbsp;</p>
<p><em style=""font-size: 10px;"">We may use artificial intelligence (AI) tools to support parts of the hiring process, such as reviewing applications, analyzing resumes, or assessing responses. These tools assist our recruitment team but do not replace human judgment. Final hiring decisions are ultimately made by humans. If you would like more information about how your data is processed, please contact us.</em></p>
<p>&nbsp;</p>
<p><em style=""font-size: 10px;"">Job ID #T202603-08CMW</em></p><br/><br/>Please mention the word **REVOLUTIONIZED** and tag RMjYwMDoxNzAyOjJlOTA6OWJjMDpjOGIxOjQyYWU6NDQ0ZDplOTQ4 when applying to show you read the job post completely (#RMjYwMDoxNzAyOjJlOTA6OWJjMDpjOGIxOjQyYWU6NDQ0ZDplOTQ4). This is a beta feature to avoid spam applicants. Companies can search these words to find applicants that read this and see they're human.",https://remoteOK.com/remote-jobs/remote-marketing-copywriter-bis-safety-software-1131528,2026-05-09T08:00:03+00:00
Senior Software Engineer I,"Clariti Cloud, Inc.",Canada,"software, saas, salesforce, senior, engineer","Join our mission to provide governments with exceptional experiences so they can do the same for their communities!

What do we do?ð¥

We empower governments to deliver exceptional citizen experiences. Check out our âAbout Usâ page for a deep dive into our product and what makes us exceptional.

As a Senior Software Engineer at Clariti, youâll work at the intersection of Salesforce, distributed SaaS architecture, and off-platform services. Our product is delivered as managed packages into customer orgs and supported by Java- and Node-based services, so this role goes beyond single-org Salesforce development.

Youâll help shape how we build, scale, and operate a multi-tenant product used across many customer environments.

What youâll do ð

Architect and develop complex Salesforce solutions designed for managed packages and multi-org distribution
Design systems that span Salesforce and off-platform services (Java, Node.js, APIs, event-driven integrations)<br/><br/>Please mention the word **COURAGEOUSLY** and tag RMjYwMDoxNzAyOjJlOTA6OWJjMDpjOGIxOjQyYWU6NDQ0ZDplOTQ4 when applying to show you read the job post completely (#RMjYwMDoxNzAyOjJlOTA6OWJjMDpjOGIxOjQyYWU6NDQ0ZDplOTQ4). This is a beta feature to avoid spam applicants. Companies can search these words to find applicants that read this and see they're human.",https://remoteOK.com/remote-jobs/remote-senior-software-engineer-i-clariti-cloud-inc-1131527,2026-05-09T00:02:42+00:00
Manager Collections &amp; Recoveries,Forbright Bank,Remote,"manager, embedded, growth, financial, investment, banking, finance, bank, microsoft, strategy, management, operational, analytics, legal, go","<p><strong>COMPANY DESCRIPTION:</strong>&nbsp;&nbsp;Forbright is a nationwide full-service bank and commercial lender focused on helping to build a brighter future&nbsp;for our clients and the communities we serve.&nbsp;Forbright is committed to exceptional client service by providing seamless, innovative personal banking services to depositors and&nbsp;creative financing solutions to visionary middle market businesses and investors in healthcare, technology, financial services, real estate, and other industries.&nbsp;</p>
<p>&nbsp;</p>
<p><strong>COMPANY CULTURE:&nbsp;&nbsp;</strong>We are a dynamic, high energy, fun, and fast-paced organization that has an exciting growth trajectory, meaningful mission, and embedded responsible practices into our daily interactions. We offer our team members a culture of collaboration, inclusion, flexibility, recognition, and giving back. We look to hire individuals that are passionate about our mission, and who are motivated, customer and results-oriented, innovative, adaptable, and thoughtful.</p>
<p>&nbsp;</p>
<p><strong>COMPANY MISSION:&nbsp;</strong>&nbsp;We are a mission-driven institution. We operate a sound dynamic institution that is well capitalized, liquid, profitable and uses best practices to manage risk and assure compliance with laws and regulations. We use Forbrightâs capital, capabilities, innovation, and expertise to help our clients succeed and contribute broadly to building a brighter future.&nbsp;</p><p><br></p><p><strong>JOB SUMMARY: </strong><span data-contrast=""auto"">The Manager, Collections &amp; Recoveries is responsible for driving collections and recovery performance across a network of third-party vendors within a master servicer model. This role is accountable for execution and optimization of strategies across early- and late-stage delinquency (1â120+ days past due) and post charge-off recoveries. This individual plays a critical role in delivering portfolio outcomes by translating strategy into action, holding vendors accountable to defined performance targets, and continuously identifying opportunities to improve collections effectiveness, cost efficiency, and borrower experience.&nbsp;</span><span data-ccp-props=""{&quot;134233117&quot;:true,&quot;201341983&quot;:0,&quot;335559739&quot;:0,&quot;335559740&quot;:240}"">&nbsp;</span></p>
<p>
</p><p><span data-contrast=""auto"">This is a high-accountability role focused on measurable performance outcomes, operational rigor, and continuous improvement within the collections and&nbsp;recoveries&nbsp;function.<br></span></p>
<p></p>\n<p></p><p><br></p><b>DUTIES AND RESPONSIBILITIES:</b><div>
<div>
<div>
<p><span data-contrast=""auto"">Collections Performance Execution&nbsp;</span><span data-ccp-props=""{&quot;201341983&quot;:0,&quot;335557856&quot;:16777215,&quot;335559685&quot;:360,&quot;335559739&quot;:0,&quot;335559740&quot;:240}"">&nbsp;</span></p>
</div>
<div>
<ul role=""list"" style=""list-style-type: disc;"">
<li aria-setsize=""-1"" data-leveltext=""ï·"" data-font=""Symbol"" data-listid=""27"" data-list-defn-props=""{&quot;335552541&quot;:1,&quot;335559685&quot;:1080,&quot;335559991&quot;:360,&quot;469769226&quot;:&quot;Symbol&quot;,&quot;469769242&quot;:[8226],&quot;469777803&quot;:&quot;left&quot;,&quot;469777804&quot;:&quot;ï·&quot;,&quot;469777815&quot;:&quot;hybridMultilevel&quot;}"" data-aria-posinset=""1"" data-aria-level=""1"" role=""listitem"">
<p><span data-contrast=""auto"">Execute against established collections and recovery strategies to improve key portfolio metrics, including roll rates, cure rates, liquidation rates, and recovery performance&nbsp;&nbsp;</span><span data-ccp-props=""{&quot;201341983&quot;:0,&quot;335557856&quot;:16777215,&quot;335559739&quot;:0,&quot;335559740&quot;:240}"">&nbsp;</span></p>
</li>
</ul>
</div>
<div>
<ul role=""list"" style=""list-style-type: disc;"">
<li aria-setsize=""-1"" data-leveltext=""ï·"" data-font=""Symbol"" data-listid=""27"" data-list-defn-props=""{&quot;335552541&quot;:1,&quot;335559685&quot;:1080,&quot;335559991&quot;:360,&quot;469769226&quot;:&quot;Symbol&quot;,&quot;469769242&quot;:[8226],&quot;469777803&quot;:&quot;left&quot;,&quot;469777804&quot;:&quot;ï·&quot;,&quot;469777815&quot;:&quot;hybridMultilevel&quot;}"" data-aria-posinset=""2"" data-aria-level=""1"" role=""listitem"">
<p><span data-contrast=""auto"">Monitor ongoing performance and proactively&nbsp;identify&nbsp;trends, risks, and opportunities for improvement&nbsp;&nbsp;</span><span data-ccp-props=""{&quot;201341983&quot;:0,&quot;335557856&quot;:16777215,&quot;335559739&quot;:0,&quot;335559740&quot;:240}"">&nbsp;</span></p>
</li>
</ul>
</div>
<div>
<ul role=""list"" style=""list-style-type: disc;"">
<li aria-setsize=""-1"" data-leveltext=""ï·"" data-font=""Symbol"" data-listid=""27"" data-list-defn-props=""{&quot;335552541&quot;:1,&quot;335559685&quot;:1080,&quot;335559991&quot;:360,&quot;469769226&quot;:&quot;Symbol&quot;,&quot;469769242&quot;:[8226],&quot;469777803&quot;:&quot;left&quot;,&quot;469777804&quot;:&quot;ï·&quot;,&quot;469777815&quot;:&quot;hybridMultilevel&quot;}"" data-aria-posinset=""3"" data-aria-level=""1"" role=""listitem"">
<p><span data-contrast=""auto"">Support forecasting and performance tracking for collections and recovery channels&nbsp;&nbsp;</span><span data-ccp-props=""{&quot;201341983&quot;:0,&quot;335557856&quot;:16777215,&quot;335559739&quot;:0,&quot;335559740&quot;:240}"">&nbsp;</span></p>
</li>
</ul>
</div>
<div>
<ul role=""list"" style=""list-style-type: disc;"">
<li aria-setsize=""-1"" data-leveltext=""ï·"" data-font=""Symbol"" data-listid=""27"" data-list-defn-props=""{&quot;335552541&quot;:1,&quot;335559685&quot;:1080,&quot;335559991&quot;:360,&quot;469769226&quot;:&quot;Symbol&quot;,&quot;469769242&quot;:[8226],&quot;469777803&quot;:&quot;left&quot;,&quot;469777804&quot;:&quot;ï·&quot;,&quot;469777815&quot;:&quot;hybridMultilevel&quot;}"" data-aria-posinset=""4"" data-aria-level=""1"" role=""listitem"">
<p><span data-contrast=""auto"">Contribute to the development and refinement of strategies based on observed performance and data insights&nbsp;</span><span data-ccp-props=""{&quot;201341983&quot;:0,&quot;335557856&quot;:16777215,&quot;335559739&quot;:0,&quot;335559740&quot;:240}"">&nbsp;</span></p>
</li>
</ul>
</div>
<div>
<p><span data-contrast=""auto"">Vendor Oversight &amp; Management&nbsp;</span><span data-ccp-props=""{&quot;201341983&quot;:0,&quot;335557856&quot;:16777215,&quot;335559685&quot;:360,&quot;335559739&quot;:0,&quot;335559740&quot;:240}"">&nbsp;</span></p>
</div>
<div>
<ul role=""list"" style=""list-style-type: disc;"">
<li aria-setsize=""-1"" data-leveltext=""ï·"" data-font=""Symbol"" data-listid=""27"" data-list-defn-props=""{&quot;335552541&quot;:1,&quot;335559685&quot;:1080,&quot;335559991&quot;:360,&quot;469769226&quot;:&quot;Symbol&quot;,&quot;469769242&quot;:[8226],&quot;469777803&quot;:&quot;left&quot;,&quot;469777804&quot;:&quot;ï·&quot;,&quot;469777815&quot;:&quot;hybridMultilevel&quot;}"" data-aria-posinset=""5"" data-aria-level=""1"" role=""listitem"">
<p><span data-contrast=""auto"">Manage day-to-day performance of third-party&nbsp;subservicers&nbsp;and collection agencies responsible for delinquency management and charged-off recoveries&nbsp;&nbsp;</span><span data-ccp-props=""{&quot;201341983&quot;:0,&quot;335557856&quot;:16777215,&quot;335559739&quot;:0,&quot;335559740&quot;:240}"">&nbsp;</span></p>
</li>
</ul>
</div>
<div>
<ul role=""list"" style=""list-style-type: disc;"">
<li aria-setsize=""-1"" data-leveltext=""ï·"" data-font=""Symbol"" data-listid=""27"" data-list-defn-props=""{&quot;335552541&quot;:1,&quot;335559685&quot;:1080,&quot;335559991&quot;:360,&quot;469769226&quot;:&quot;Symbol&quot;,&quot;469769242&quot;:[8226],&quot;469777803&quot;:&quot;left&quot;,&quot;469777804&quot;:&quot;ï·&quot;,&quot;469777815&quot;:&quot;hybridMultilevel&quot;}"" data-aria-posinset=""6"" data-aria-level=""1"" role=""listitem"">
<p><span data-contrast=""auto"">Hold vendors accountable to clearly defined KPIs, SLAs, and performance expectations&nbsp;&nbsp;</span><span data-ccp-props=""{&quot;201341983&quot;:0,&quot;335557856&quot;:16777215,&quot;335559739&quot;:0,&quot;335559740&quot;:240}"">&nbsp;</span></p>
</li>
</ul>
</div>
<div>
<ul role=""list"" style=""list-style-type: disc;"">
<li aria-setsize=""-1"" data-leveltext=""ï·"" data-font=""Symbol"" data-listid=""27"" data-list-defn-props=""{&quot;335552541&quot;:1,&quot;335559685&quot;:1080,&quot;335559991&quot;:360,&quot;469769226&quot;:&quot;Symbol&quot;,&quot;469769242&quot;:[8226],&quot;469777803&quot;:&quot;left&quot;,&quot;469777804&quot;:&quot;ï·&quot;,&quot;469777815&quot;:&quot;hybridMultilevel&quot;}"" data-aria-posinset=""7"" data-aria-level=""1"" role=""listitem"">
<p><span data-contrast=""auto"">Identify&nbsp;performance gaps and drive&nbsp;timely&nbsp;corrective action plans with vendors&nbsp;&nbsp;</span><span data-ccp-props=""{&quot;201341983&quot;:0,&quot;335557856&quot;:16777215,&quot;335559739&quot;:0,&quot;335559740&quot;:240}"">&nbsp;</span></p>
</li>
</ul>
</div>
<div>
<ul role=""list"" style=""list-style-type: disc;"">
<li aria-setsize=""-1"" data-leveltext=""ï·"" data-font=""Symbol"" data-listid=""27"" data-list-defn-props=""{&quot;335552541&quot;:1,&quot;335559685&quot;:1080,&quot;335559991&quot;:360,&quot;469769226&quot;:&quot;Symbol&quot;,&quot;469769242&quot;:[8226],&quot;469777803&quot;:&quot;left&quot;,&quot;469777804&quot;:&quot;ï·&quot;,&quot;469777815&quot;:&quot;hybridMultilevel&quot;}"" data-aria-posinset=""8"" data-aria-level=""1"" role=""listitem"">
<p><span data-contrast=""auto"">Lead recurring performance reviews and operational meetings with vendors (weekly/monthly/quarterly)&nbsp;&nbsp;</span><span data-ccp-props=""{&quot;201341983&quot;:0,&quot;335557856&quot;:16777215,&quot;335559739&quot;:0,&quot;335559740&quot;:240}"">&nbsp;</span></p>
</li>
</ul>
</div>
<div>
<ul role=""list"" style=""list-style-type: disc;"">
<li aria-setsize=""-1"" data-leveltext=""ï·"" data-font=""Symbol"" data-listid=""27"" data-list-defn-props=""{&quot;335552541&quot;:1,&quot;335559685&quot;:1080,&quot;335559991&quot;:360,&quot;469769226&quot;:&quot;Symbol&quot;,&quot;469769242&quot;:[8226],&quot;469777803&quot;:&quot;left&quot;,&quot;469777804&quot;:&quot;ï·&quot;,&quot;469777815&quot;:&quot;hybridMultilevel&quot;}"" data-aria-posinset=""9"" data-aria-level=""1"" role=""listitem"">
<p><span data-contrast=""auto"">Escalate and help resolve complex operational or borrower issues in partnership with vendors&nbsp;</span><span data-ccp-props=""{&quot;201341983&quot;:0,&quot;335557856&quot;:16777215,&quot;335559739&quot;:0,&quot;335559740&quot;:240}"">&nbsp;</span></p>
</li>
</ul>
</div>
</div>
<div>
<div>
<p><span data-contrast=""auto"">Performance Oversight &amp; Improvement&nbsp;</span><span data-ccp-props=""{&quot;201341983&quot;:0,&quot;335557856&quot;:16777215,&quot;335559685&quot;:360,&quot;335559739&quot;:0,&quot;335559740&quot;:240}"">&nbsp;</span></p>
</div>
<div>
<ul role=""list"" style=""list-style-type: disc;"">
<li aria-setsize=""-1"" data-leveltext=""ï·"" data-font=""Symbol"" data-listid=""27"" data-list-defn-props=""{&quot;335552541&quot;:1,&quot;335559685&quot;:1080,&quot;335559991&quot;:360,&quot;469769226&quot;:&quot;Symbol&quot;,&quot;469769242&quot;:[8226],&quot;469777803&quot;:&quot;left&quot;,&quot;469777804&quot;:&quot;ï·&quot;,&quot;469777815&quot;:&quot;hybridMultilevel&quot;}"" data-aria-posinset=""10"" data-aria-level=""1"" role=""listitem"">
<p><span data-contrast=""auto"">Analyze collections and recovery performance data to understand drivers of borrower delinquencies and recovery trends&nbsp;&nbsp;</span><span data-ccp-props=""{&quot;201341983&quot;:0,&quot;335557856&quot;:16777215,&quot;335559739&quot;:0,&quot;335559740&quot;:240}"">&nbsp;</span></p>
</li>
</ul>
</div>
<div>
<ul role=""list"" style=""list-style-type: disc;"">
<li aria-setsize=""-1"" data-leveltext=""ï·"" data-font=""Symbol"" data-listid=""27"" data-list-defn-props=""{&quot;335552541&quot;:1,&quot;335559685&quot;:1080,&quot;335559991&quot;:360,&quot;469769226&quot;:&quot;Symbol&quot;,&quot;469769242&quot;:[8226],&quot;469777803&quot;:&quot;left&quot;,&quot;469777804&quot;:&quot;ï·&quot;,&quot;469777815&quot;:&quot;hybridMultilevel&quot;}"" data-aria-posinset=""11"" data-aria-level=""1"" role=""listitem"">
<p><span data-contrast=""auto"">Partner with internal analytics teams to translate data into actionable insights and operational improvements&nbsp;&nbsp;</span><span data-ccp-props=""{&quot;201341983&quot;:0,&quot;335557856&quot;:16777215,&quot;335559739&quot;:0,&quot;335559740&quot;:240}"">&nbsp;</span></p>
</li>
</ul>
</div>
<div>
<ul role=""list"" style=""list-style-type: disc;"">
<li aria-setsize=""-1"" data-leveltext=""ï·"" data-font=""Symbol"" data-listid=""27"" data-list-defn-props=""{&quot;335552541&quot;:1,&quot;335559685&quot;:1080,&quot;335559991&quot;:360,&quot;469769226&quot;:&quot;Symbol&quot;,&quot;469769242&quot;:[8226],&quot;469777803&quot;:&quot;left&quot;,&quot;469777804&quot;:&quot;ï·&quot;,&quot;469777815&quot;:&quot;hybridMultilevel&quot;}"" data-aria-posinset=""12"" data-aria-level=""1"" role=""listitem"">
<p><span data-contrast=""auto"">Identify, design, and implement process improvements and new collections tactics to enhance collections outcomes, scalability, and borrower experience&nbsp;</span><span data-ccp-props=""{&quot;201341983&quot;:0,&quot;335557856&quot;:16777215,&quot;335559739&quot;:0,&quot;335559740&quot;:240}"">&nbsp;</span></p>
</li>
</ul>
</div>
<div>
<ul role=""list"" style=""list-style-type: disc;"">
<li aria-setsize=""-1"" data-leveltext=""ï·"" data-font=""Symbol"" data-listid=""27"" data-list-defn-props=""{&quot;335552541&quot;:1,&quot;335559685&quot;:1080,&quot;335559991&quot;:360,&quot;469769226&quot;:&quot;Symbol&quot;,&quot;469769242&quot;:[8226],&quot;469777803&quot;:&quot;left&quot;,&quot;469777804&quot;:&quot;ï·&quot;,&quot;469777815&quot;:&quot;hybridMultilevel&quot;}"" data-aria-posinset=""13"" data-aria-level=""1"" role=""listitem"">
<p><span data-contrast=""auto"">Prepare and deliver regular performance reporting, clearly articulating trends, drivers, and actions being taken&nbsp;</span><span data-ccp-props=""{&quot;201341983&quot;:0,&quot;335557856&quot;:16777215,&quot;335559739&quot;:0,&quot;335559740&quot;:240}"">&nbsp;</span></p>
</li>
</ul>
</div>
<div>
<ul role=""list"" style=""list-style-type: disc;"">
<li aria-setsize=""-1"" data-leveltext=""ï·"" data-font=""Symbol"" data-listid=""27"" data-list-defn-props=""{&quot;335552541&quot;:1,&quot;335559685&quot;:1080,&quot;335559991&quot;:360,&quot;469769226&quot;:&quot;Symbol&quot;,&quot;469769242&quot;:[8226],&quot;469777803&quot;:&quot;left&quot;,&quot;469777804&quot;:&quot;ï·&quot;,&quot;469777815&quot;:&quot;hybridMultilevel&quot;}"" data-aria-posinset=""14"" data-aria-level=""1"" role=""listitem"">
<p><span data-contrast=""auto"">Ensure processes and vendor activities align with internal policies and regulatory requirements by partnering closely with the Legal and Compliance teams&nbsp;</span><span data-ccp-props=""{&quot;201341983&quot;:0,&quot;335557856&quot;:16777215,&quot;335559739&quot;:0,&quot;335559740&quot;:240}"">&nbsp;</span></p>
</li>
</ul>
</div>
<div>
<ul role=""list"" style=""list-style-type: disc;"">
<li aria-setsize=""-1"" data-leveltext=""ï·"" data-font=""Symbol"" data-listid=""27"" data-list-defn-props=""{&quot;335552541&quot;:1,&quot;335559685&quot;:1080,&quot;335559991&quot;:360,&quot;469769226&quot;:&quot;Symbol&quot;,&quot;469769242&quot;:[8226],&quot;469777803&quot;:&quot;left&quot;,&quot;469777804&quot;:&quot;ï·&quot;,&quot;469777815&quot;:&quot;hybridMultilevel&quot;}"" data-aria-posinset=""15"" data-aria-level=""1"" role=""listitem"">
<p><span data-contrast=""auto"">Perform other duties as assigned</span><span data-ccp-props=""{&quot;201341983&quot;:0,&quot;335557856&quot;:16777215,&quot;335559739&quot;:0,&quot;335559740&quot;:240}"">&nbsp;</span></p>
</li>
</ul>
</div>
</div>
</div><p><br></p><b>QUALIFICATIONS:</b><div>
<div>
<div>
<ul role=""list"" style=""list-style-type: disc;"">
<li aria-setsize=""-1"" data-leveltext=""ï·"" data-font=""Symbol"" data-listid=""27"" data-list-defn-props=""{&quot;335552541&quot;:1,&quot;335559685&quot;:1080,&quot;335559991&quot;:360,&quot;469769226&quot;:&quot;Symbol&quot;,&quot;469769242&quot;:[8226],&quot;469777803&quot;:&quot;left&quot;,&quot;469777804&quot;:&quot;ï·&quot;,&quot;469777815&quot;:&quot;hybridMultilevel&quot;}"" data-aria-posinset=""16"" data-aria-level=""1"" role=""listitem"">
<p><span data-contrast=""auto"">Associateâs Degree&nbsp;required;&nbsp;Bachelorâs Degree&nbsp;preferred&nbsp;</span><span data-ccp-props=""{&quot;201341983&quot;:0,&quot;335559739&quot;:0,&quot;335559740&quot;:240}"">&nbsp;</span></p>
</li>
</ul>
</div>
<div>
<ul role=""list"" style=""list-style-type: disc;"">
<li aria-setsize=""-1"" data-leveltext=""ï·"" data-font=""Symbol"" data-listid=""27"" data-list-defn-props=""{&quot;335552541&quot;:1,&quot;335559685&quot;:1080,&quot;335559991&quot;:360,&quot;469769226&quot;:&quot;Symbol&quot;,&quot;469769242&quot;:[8226],&quot;469777803&quot;:&quot;left&quot;,&quot;469777804&quot;:&quot;ï·&quot;,&quot;469777815&quot;:&quot;hybridMultilevel&quot;}"" data-aria-posinset=""17"" data-aria-level=""1"" role=""listitem"">
<p><span data-contrast=""auto"">Minimum of&nbsp;5&nbsp;years of&nbsp;experience in&nbsp;collections, recoveries, or servicing operations, preferably in a consumer lending environmentâ¯&nbsp;</span><span data-ccp-props=""{&quot;201341983&quot;:0,&quot;335559739&quot;:0,&quot;335559740&quot;:240}"">&nbsp;</span></p>
</li>
</ul>
</div>
<div>
<ul role=""list"" style=""list-style-type: disc;"">
<li aria-setsize=""-1"" data-leveltext=""ï·"" data-font=""Symbol"" data-listid=""27"" data-list-defn-props=""{&quot;335552541&quot;:1,&quot;335559685&quot;:1080,&quot;335559991&quot;:360,&quot;469769226&quot;:&quot;Symbol&quot;,&quot;469769242&quot;:[8226],&quot;469777803&quot;:&quot;left&quot;,&quot;469777804&quot;:&quot;ï·&quot;,&quot;469777815&quot;:&quot;hybridMultilevel&quot;}"" data-aria-posinset=""18"" data-aria-level=""1"" role=""listitem"">
<p><span data-contrast=""none"">Demonstrated experience managing third-party vendors or&nbsp;subservicers&nbsp;to deliver business outcomes&nbsp;</span><span data-ccp-props=""{&quot;201341983&quot;:0,&quot;335559739&quot;:0,&quot;335559740&quot;:240}"">&nbsp;</span></p>
</li>
</ul>
</div>
<div>
<ul role=""list"" style=""list-style-type: disc;"">
<li aria-setsize=""-1"" data-leveltext=""ï·"" data-font=""Symbol"" data-listid=""27"" data-list-defn-props=""{&quot;335552541&quot;:1,&quot;335559685&quot;:1080,&quot;335559991&quot;:360,&quot;469769226&quot;:&quot;Symbol&quot;,&quot;469769242&quot;:[8226],&quot;469777803&quot;:&quot;left&quot;,&quot;469777804&quot;:&quot;ï·&quot;,&quot;469777815&quot;:&quot;hybridMultilevel&quot;}"" data-aria-posinset=""19"" data-aria-level=""1"" role=""listitem"">
<p><span data-contrast=""none"">Strong analytical skills with&nbsp;demonstrated&nbsp;ability to use data to drive performance improvements&nbsp;&nbsp;</span><span data-ccp-props=""{&quot;201341983&quot;:0,&quot;335559739&quot;:0,&quot;335559740&quot;:240}"">&nbsp;</span></p>
</li>
</ul>
</div>
<div>
<ul role=""list"" style=""list-style-type: disc;"">
<li aria-setsize=""-1"" data-leveltext=""ï·"" data-font=""Symbol"" data-listid=""27"" data-list-defn-props=""{&quot;335552541&quot;:1,&quot;335559685&quot;:1080,&quot;335559991&quot;:360,&quot;469769226&quot;:&quot;Symbol&quot;,&quot;469769242&quot;:[8226],&quot;469777803&quot;:&quot;left&quot;,&quot;469777804&quot;:&quot;ï·&quot;,&quot;469777815&quot;:&quot;hybridMultilevel&quot;}"" data-aria-posinset=""20"" data-aria-level=""1"" role=""listitem"">
<p><span data-contrast=""none"">Expertise&nbsp;on collections regulations and compliance requirements (e.g., FDCPA, CFPB guidance)&nbsp;&nbsp;</span><span data-ccp-props=""{&quot;201341983&quot;:0,&quot;335559739&quot;:0,&quot;335559740&quot;:240}"">&nbsp;</span></p>
</li>
</ul>
</div>
<div>
<ul role=""list"" style=""list-style-type: disc;"">
<li aria-setsize=""-1"" data-leveltext=""ï·"" data-font=""Symbol"" data-listid=""27"" data-list-defn-props=""{&quot;335552541&quot;:1,&quot;335559685&quot;:1080,&quot;335559991&quot;:360,&quot;469769226&quot;:&quot;Symbol&quot;,&quot;469769242&quot;:[8226],&quot;469777803&quot;:&quot;left&quot;,&quot;469777804&quot;:&quot;ï·&quot;,&quot;469777815&quot;:&quot;hybridMultilevel&quot;}"" data-aria-posinset=""21"" data-aria-level=""1"" role=""listitem"">
<p><span data-contrast=""none"">Strong ownership mentality with focus on measurable outcomesâ¯â¯</span><span data-ccp-props=""{&quot;201341983&quot;:0,&quot;335559739&quot;:0,&quot;335559740&quot;:240}"">&nbsp;</span></p>
</li>
</ul>
</div>
<div>
<ul role=""list"" style=""list-style-type: disc;"">
<li aria-setsize=""-1"" data-leveltext=""ï·"" data-font=""Symbol"" data-listid=""27"" data-list-defn-props=""{&quot;335552541&quot;:1,&quot;335559685&quot;:1080,&quot;335559991&quot;:360,&quot;469769226&quot;:&quot;Symbol&quot;,&quot;469769242&quot;:[8226],&quot;469777803&quot;:&quot;left&quot;,&quot;469777804&quot;:&quot;ï·&quot;,&quot;469777815&quot;:&quot;hybridMultilevel&quot;}"" data-aria-posinset=""22"" data-aria-level=""1"" role=""listitem"">
<p><span data-contrast=""none"">Strong problem-solvingâ¯abilityâ¯with a bias for action and urgencyâ¯â¯</span><span data-ccp-props=""{&quot;201341983&quot;:0,&quot;335559739&quot;:0,&quot;335559740&quot;:240}"">&nbsp;</span></p>
</li>
</ul>
</div>
<div>
<ul role=""list"" style=""list-style-type: disc;"">
<li aria-setsize=""-1"" data-leveltext=""ï·"" data-font=""Symbol"" data-listid=""27"" data-list-defn-props=""{&quot;335552541&quot;:1,&quot;335559685&quot;:1080,&quot;335559991&quot;:360,&quot;469769226&quot;:&quot;Symbol&quot;,&quot;469769242&quot;:[8226],&quot;469777803&quot;:&quot;left&quot;,&quot;469777804&quot;:&quot;ï·&quot;,&quot;469777815&quot;:&quot;hybridMultilevel&quot;}"" data-aria-posinset=""23"" data-aria-level=""1"" role=""listitem"">
<p><span data-contrast=""none"">Demonstrates strong project management rigor and the ability to manage priorities effectively</span><span data-ccp-props=""{&quot;201341983&quot;:0,&quot;335559739&quot;:0,&quot;335559740&quot;:240}"">&nbsp;</span></p>
</li>
</ul>
</div>
<div>
<ul role=""list"" style=""list-style-type: disc;"">
<li aria-setsize=""-1"" data-leveltext=""ï·"" data-font=""Symbol"" data-listid=""27"" data-list-defn-props=""{&quot;335552541&quot;:1,&quot;335559685&quot;:1080,&quot;335559991&quot;:360,&quot;469769226&quot;:&quot;Symbol&quot;,&quot;469769242&quot;:[8226],&quot;469777803&quot;:&quot;left&quot;,&quot;469777804&quot;:&quot;ï·&quot;,&quot;469777815&quot;:&quot;hybridMultilevel&quot;}"" data-aria-posinset=""24"" data-aria-level=""1"" role=""listitem"">
<p><span data-contrast=""none"">Proficiency&nbsp;with Microsoft Office tools (Outlook, Word, PowerPoint, Excel)&nbsp;&nbsp;</span><span data-ccp-props=""{&quot;201341983&quot;:0,&quot;335557856&quot;:16777215,&quot;335559739&quot;:0,&quot;335559740&quot;:240}"">&nbsp;</span></p>
</li>
</ul>
</div>
<div>
<ul role=""list"" style=""list-style-type: disc;"">
<li aria-setsize=""-1"" data-leveltext=""ï·"" data-font=""Symbol"" data-listid=""27"" data-list-defn-props=""{&quot;335552541&quot;:1,&quot;335559685&quot;:1080,&quot;335559991&quot;:360,&quot;469769226&quot;:&quot;Symbol&quot;,&quot;469769242&quot;:[8226],&quot;469777803&quot;:&quot;left&quot;,&quot;469777804&quot;:&quot;ï·&quot;,&quot;469777815&quot;:&quot;hybridMultilevel&quot;}"" data-aria-posinset=""25"" data-aria-level=""1"" role=""listitem"">
<p><span data-contrast=""auto"">Excellent verbal, written, and interpersonal communication skills&nbsp;&nbsp;</span><span data-ccp-props=""{&quot;201341983&quot;:0,&quot;335559739&quot;:0,&quot;335559740&quot;:240}"">&nbsp;</span></p>
</li>
</ul>
</div>
<div>
<ul role=""list"" style=""list-style-type: disc;"">
<li aria-setsize=""-1"" data-leveltext=""ï·"" data-font=""Symbol"" data-listid=""27"" data-list-defn-props=""{&quot;335552541&quot;:1,&quot;335559685&quot;:1080,&quot;335559991&quot;:360,&quot;469769226&quot;:&quot;Symbol&quot;,&quot;469769242&quot;:[8226],&quot;469777803&quot;:&quot;left&quot;,&quot;469777804&quot;:&quot;ï·&quot;,&quot;469777815&quot;:&quot;hybridMultilevel&quot;}"" data-aria-posinset=""26"" data-aria-level=""1"" role=""listitem"">
<p><span data-contrast=""auto"">Highly organized with strong timeâmanagement capabilities and attention to detail</span><span data-ccp-props=""{&quot;201341983&quot;:0,&quot;335559739&quot;:0,&quot;335559740&quot;:240}"">&nbsp;</span></p>
</li>
</ul>
</div>
</div>
<div>
<div>
<ul role=""list"" style=""list-style-type: disc;"">
<li aria-setsize=""-1"" data-leveltext=""ï·"" data-font=""Symbol"" data-listid=""27"" data-list-defn-props=""{&quot;335552541&quot;:1,&quot;335559685&quot;:1080,&quot;335559991&quot;:360,&quot;469769226&quot;:&quot;Symbol&quot;,&quot;469769242&quot;:[8226],&quot;469777803&quot;:&quot;left&quot;,&quot;469777804&quot;:&quot;ï·&quot;,&quot;469777815&quot;:&quot;hybridMultilevel&quot;}"" data-aria-posinset=""27"" data-aria-level=""1"" role=""listitem"">
<p><span data-contrast=""auto"">Self-motivated, self-directed, and results-oriented&nbsp;</span><span data-ccp-props=""{&quot;201341983&quot;:0,&quot;335559739&quot;:0,&quot;335559740&quot;:240}"">&nbsp;</span></p>
</li>
</ul>
</div>
<div>
<ul role=""list"" style=""list-style-type: disc;"">
<li aria-setsize=""-1"" data-leveltext=""ï·"" data-font=""Symbol"" data-listid=""27"" data-list-defn-props=""{&quot;335552541&quot;:1,&quot;335559685&quot;:1080,&quot;335559991&quot;:360,&quot;469769226&quot;:&quot;Symbol&quot;,&quot;469769242&quot;:[8226],&quot;469777803&quot;:&quot;left&quot;,&quot;469777804&quot;:&quot;ï·&quot;,&quot;469777815&quot;:&quot;hybridMultilevel&quot;}"" data-aria-posinset=""28"" data-aria-level=""1"" role=""listitem"">
<p><span data-contrast=""auto"">Adaptable and able to multitask in a fast-paced, evolving&nbsp;environment&nbsp;&nbsp;</span><span data-ccp-props=""{&quot;201341983&quot;:0,&quot;335559739&quot;:0,&quot;335559740&quot;:240}"">&nbsp;</span></p>
</li>
</ul>
</div>
<div>
<ul role=""list"" style=""list-style-type: disc;"">
<li aria-setsize=""-1"" data-leveltext=""ï·"" data-font=""Symbol"" data-listid=""27"" data-list-defn-props=""{&quot;335552541&quot;:1,&quot;335559685&quot;:1080,&quot;335559991&quot;:360,&quot;469769226&quot;:&quot;Symbol&quot;,&quot;469769242&quot;:[8226],&quot;469777803&quot;:&quot;left&quot;,&quot;469777804&quot;:&quot;ï·&quot;,&quot;469777815&quot;:&quot;hybridMultilevel&quot;}"" data-aria-posinset=""29"" data-aria-level=""1"" role=""listitem"">
<p><span data-contrast=""auto"">Can work independently and within a team; solution-oriented with a collaborative approach&nbsp;</span><span data-ccp-props=""{&quot;201341983&quot;:0,&quot;335559739&quot;:0,&quot;335559740&quot;:240}"">&nbsp;</span></p>
</li>
</ul>
</div>
</div>
</div><p><br></p><p></p>\n<div>$70,000 - $80,000 a year</div><small><div><em style=""font-size: 16px;"">The pay range for this position is above. The specific rate will depend on the successful candidateâs qualifications and prior experience $70,000 (entry level qualifications) to $80,000 (highly experienced).</em></div></small>\n<p><strong>POSITION REQUIREMENTS: </strong>We are committed to creating an inclusive workplace where all employees are capable of performing their job position. Work is primarily conducted in an office setting while certain positions may allow for remote work through the use of technology at management discretion. The functions described below are representative of those to successfully perform duties of this job. Reasonable accommodations may be made to enable employees to perform the essential functions. While performing duties of this job, the employee may be regularly required for extended periods of time to:</p>
<p>â¢ Remain in a stationary position</p>
<p>â¢ Use hands and fingers&nbsp;</p>
<p>â¢ Utilize a computer monitor with visual acuity</p>
<p>â¢ Operate technology or other office machinery such as printers, scanners, etc.</p>
<p>â¢ Communicate clearly verbally and/or in writing with others</p>
<p>&nbsp;</p>
<p><strong>ADDITIONAL DUTIES: </strong>For Forbright Bank to remain efficient and nimble as a growing organization, team members are expected to exhibit a high level of flexibility regarding any duties that may be situationally assigned outside of this job description.&nbsp;</p>
<p>&nbsp;</p>
<p><strong>PERKS/BENEFITS:</strong></p>
<p>â¢ Comprehensive health, dental, and vision plans</p>
<p>â¢ 4 weeks PTO</p>
<p>â¢ 401k + company match</p>
<p>â¢ Metro SmartTrip benefits ($50/mo)</p>
<p>â¢ Remote or hybrid (4 days per week in-office) work schedules for most positions</p>
<p>â¢ Incentives for purchasing solar panels, electric vehicles, biking to work, etc.</p>
<p>â¢ Paid subscriptions to Veterans Compost, Capital Bikeshare, Imperfect Foods reimbursement, and more!</p>
<p>â¢ Best Workplaces for Commuters 2023 &amp; 2024 winner</p>
<p>â¢ The Washington Post Top Workplaces 2023, 2024, and 2025 winner</p>
<p>â¢ American Banker Best Banks to Work For 2023 winner</p>
<p>&nbsp;</p>
<p><strong>CORE PRINCIPLES:</strong></p>
<p>â¢ <strong>Excellence: </strong>Excellence is not a goal,&nbsp;but a&nbsp;standard, reflected in the&nbsp;precision&nbsp;of our work and the quality of our decisions. Excellence is a discipline that compounds over time and creates lasting value; it must be measured and managed.&nbsp;</p>
<p>â¢ <strong>People: </strong>Our people are our greatest strength. We foster a culture of respect, inclusion, and ambition - where everyone matters. We celebrate collaboration and teamwork and prize loyalty - to one another, the company, our mission, and values.&nbsp;&nbsp;&nbsp;</p>
<p>â¢ <strong>Innovation: </strong>We invest boldly in technology, harnessing innovation not for its own sake but to make banking and lending better, faster, and smarter for our clients, more efficient for our team, and more profitable for our shareholders.&nbsp;&nbsp;By combining human insight with technological excellence, we strengthen our ability to serve, to adapt, and to succeed in a changing world.&nbsp;&nbsp;Innovation is a continuous investment in&nbsp;new ideas.&nbsp;</p>
<p>â¢ <strong>Sound Practices: </strong>Our foundation rests on prudence, care, integrity, and discipline.&nbsp;We manage credit and business risk with rigor and fundamentals-based judgment, act with transparency, and uphold the highest standards of corporate governance and regulatory compliance to ensure sustainable growth and enduring financial strength.&nbsp;&nbsp;&nbsp;</p>
<p>â¢ <strong>Distinct Value: </strong>We&nbsp;focus&nbsp;our energy where we add value. We avoid&nbsp;the commoditized&nbsp;and&nbsp;the ordinary, choosing to compete through insight, specialization,&nbsp;technology&nbsp;and service.&nbsp;By concentrating on areas where&nbsp;expertise&nbsp;matters and relationships endure, we create differentiation that is defensible and lasting.&nbsp;</p>
<p>â¢ <strong>Clients: </strong>We exist to advance our clientsâ success and to help them grow.&nbsp;We listen deeply, think creatively, and deliver solutions that solve problems, drive&nbsp;impact&nbsp;and add value.&nbsp;Every client relationship is built on partnership, performance, and purpose.&nbsp;</p>
<p>â¢ <strong>Shareholders: </strong>We are committed to creating exceptional value for our shareholders.&nbsp;We invest for the long term and view our shareholders as partners â not observers - in value creation. We&nbsp;allocate&nbsp;capital wisely, execute with precision, and continuously adapt our business model to pursue the most attractive, risk-adjusted returns. We work to make rational decisions, avoid unnecessary complexity,&nbsp;maintain&nbsp;strong liquidity and capital, and communicate with clarity and honesty.&nbsp;We measure success both by current performance and by the durability and quality of the long-term value we build.&nbsp;&nbsp;</p>
<p>â¢ <strong>Communities and the Environment: </strong>We believe prosperity and responsibility go hand in hand.&nbsp;We invest in inclusive&nbsp;opportunity&nbsp;and environmental stewardship.&nbsp;Our goal is simple - to do our part build a brighter, more sustainable future for the communities we serve and the world we share.&nbsp;</p>
<p>&nbsp;</p>
<p><em>It is the policy of Forbright Bank to provide equal employment opportunities to all qualified individuals and to administer all aspects and conditions of pre-employment and employment without regard to protected characteristics.</em></p>
<p>&nbsp;</p>
<p><em>Employment with Forbright Bank is at-will, which means that either you or the Company may terminate the relationship at any time. </em></p>
<p>&nbsp;</p>
<p>By applying, you acknowledge that you have reviewed our <a href=""https://view.officeapps.live.com/op/view.aspx?src=https%3A%2F%2Fwww.forbrightbank.com%2Fwp-content%2Fuploads%2F2025%2F07%2FCCPA-Notice-for-California-Applicants-Employees-and-Contractors-07.16.2025.docx&amp;wdOrigin=BROWSELINK""><u><strong>CCPA Privacy Notice</strong></u></a>.</p><br/><br/>Please mention the word **EXCEEDING** and tag RMjYwMDoxNzAyOjJlOTA6OWJjMDpjOGIxOjQyYWU6NDQ0ZDplOTQ4 when applying to show you read the job post completely (#RMjYwMDoxNzAyOjJlOTA6OWJjMDpjOGIxOjQyYWU6NDQ0ZDplOTQ4). This is a beta feature to avoid spam applicants. Companies can search these words to find applicants that read this and see they're human.",https://remoteOK.com/remote-jobs/remote-manager-collections-amp-recoveries-forbright-bank-1131526,2026-05-09T00:02:16+00:00
Customer Success Manager,CipherHealth,Remote,"manager, system, consultant, technical, software, financial, lead, senior, operations, operational, health, healthcare, executive","About Us
CipherHealth is an award winning software company committed to enhancing care coordination and outcomes across the continuum. Since 2009, CipherHealthâs automated, scalable platform has empowered healthcare organizations to engage patients and care teams at every touchpoint, streamlining workflows and improving experiences. With tailored communication solutions powered by AI and deep integrations, CipherHealth drives better clinical results, operational efficiency, and financial sustainability, transforming healthcare one interaction at a time.

Customer Success Manager
As a Customer Success Manager, you'll serve as a strategic partner to health system executives and clinical leaders, helping them achieve measurable outcomes through CipherHealth's care coordination platform. You bring deep healthcare expertise, technical fluency, an AI-forward mindset, and the confidence to lead high-stakes conversations that connect our technology to clinical, operational, and financial impact â ultimately driving retention and expansion of customer partnerships.

This role is ideal for someone who has led or supported healthcare operations â whether as a clinician, program leader, or consultant â and now thrives at the intersection of healthcare and technology. You're proactive, strategic, and skilled at leveraging AI tools and insights to influence decision-making at the executive and senior system-level to drive long-term success for our customers and CipherHealth alike. You're scrappy, resourceful, and energized by ambiguity â you connect the dots others miss, act before being asked, and know how to get things done even when the path isn't perfectly clear.

Key Responsibilities:
Customer Retention & Growth: Drive retention and expansion across your portfolio by building trusted relationships with executive and clinical sta<br/><br/>Please mention the word **EXALTING** and tag RMjYwMDoxNzAyOjJlOTA6OWJjMDpjOGIxOjQyYWU6NDQ0ZDplOTQ4 when applying to show you read the job post completely (#RMjYwMDoxNzAyOjJlOTA6OWJjMDpjOGIxOjQyYWU6NDQ0ZDplOTQ4). This is a beta feature to avoid spam applicants. Companies can search these words to find applicants that read this and see they're human.",https://remoteOK.com/remote-jobs/remote-customer-success-manager-cipherhealth-1131525,2026-05-09T00:02:10+00:00
1086 Digital Marketing Specialist,GoFasti,Remote,"marketing, part-time, non tech","We Make Remote Work Remarkable â¢ TopTalent from LatAm Hello! We are GoFasti, a Talent-as-a-Service. GoFasti bridges the gap between world-class developers and designers from LatAm and first-class companies around the globe. We need an English-fluent PART-TIME Digital Marketing Specialist, based in Latin America, available to work remotely. We are looking for someone with exceptional communication and relationship-building skills, who embraces changes while maintaining strong attention to detail. An interested and proactive person, who's constantly learning and improving their skills. Are you the one we are looking for? Responsib<br/><br/>Please mention the word **AVER** and tag RMjYwMDoxNzAyOjJlOTA6OWJjMDpjOGIxOjQyYWU6NDQ0ZDplOTQ4 when applying to show you read the job post completely (#RMjYwMDoxNzAyOjJlOTA6OWJjMDpjOGIxOjQyYWU6NDQ0ZDplOTQ4). This is a beta feature to avoid spam applicants. Companies can search these words to find applicants that read this and see they're human.",https://remoteOK.com/remote-jobs/remote-1086-digital-marketing-specialist-gofasti-1131524,2026-05-09T00:01:52+00:00
Asset Administration Operations Specialist,Forge Global,Denver,"travel, financial, operations, non tech","At Forge, we know our team is our greatest asset. As technology innovators in the private market, our vision is to deliver a richer future for everyone. We live that vision through our values of being bold, accountable, and humble. We experience the value that our vision brings to the world every day, helping the teams behind the greatest innovations of our generation, from space travel to artificial intelligence, and more. With liquidity solutions, exclusive data and insights, a custody offering, and a vibrant marketplace, Forgeâs goal is to build the best-in-class technology infrastructure to power a global private market that is transparent, accessible, and seamless for companies, their employees, and investors. Through Forge, employees can sell their private shares, employers can reward shareholders with pre-IPO liquidity and individual and institutional investors can participate in private unicorn growth. Forge's differentiated global marketplace addresses rising demand among individual and institutional investors for exposure to private company stocks and is building a growing network effect. Our ability to offer these powerful financial solutions has generated incredible interest from investors, demand from customers, and a need to grow our team to meet the needs of more companies, teams, and innovators in this way. The Role: Asset Administration, Operations Specialist Location: This position is remote in Denver, CO. The Role: Contractor, 1099. ( $21/hr-$24/hr DOE, M-F, 8 hours a day) Responsibilities:<br/><br/>Please mention the word **EASY** and tag RMjYwMDoxNzAyOjJlOTA6OWJjMDpjOGIxOjQyYWU6NDQ0ZDplOTQ4 when applying to show you read the job post completely (#RMjYwMDoxNzAyOjJlOTA6OWJjMDpjOGIxOjQyYWU6NDQ0ZDplOTQ4). This is a beta feature to avoid spam applicants. Companies can search these words to find applicants that read this and see they're human.",https://remoteOK.com/remote-jobs/remote-asset-administration-operations-specialist-forge-global-1131523,2026-05-09T00:01:21+00:00
Fully Cruise &amp; Resort Booking Specialist,Careers In Travel | Destination Planners,Florida,"travel, training, support, non tech","<p><strong>Position Overview:</strong></p>
<p>We are seeking a detail-oriented and customer-focused Cruise &amp; Resort Booking Specialist to assist clients with coordinating cruise vacations and resort stays. This fully remote role supports the reservation process from initial inquiry through confirmed booking, ensuring accuracy and a positive client experience.</p>
<p>This is an entry-level opportunity within the travel industry. Comprehensive training and ongoing support are provided.</p>
<p>&nbsp;</p>
<p><strong>Key Responsibilities:</strong></p>
<p>Assist clients with researching cruise itineraries and resort options</p>
<p>Coordinate and confirm reservations for cruises, hotels, and all-inclusive properties</p>
<p>Review booking details including travel dates, accommodations, and payment timelines</p>
<p>Communicate clearly with clients regarding itinerary updates and travel requirements</p>
<p>Maintain organized client records and documentation</p>
<p>Provide follow-up support before and after travel</p>
<p>&nbsp;</p>
<p><strong>Qualifications:</strong></p>
<p>Strong written and verbal communication skills</p>
<p>Excellent attention to detail and organizational abilities</p>
<p>Comfortable navigating online booking systems and digital tools</p>
<p>Ability to work independently in a remote environment</p>
<p>Customer service, hospitality, or administrative experience is helpful but not required</p>
<p>&nbsp;</p>
<p><strong>What We Offer:</strong></p>
<p>Structured onboarding and step-by-step training</p>
<p>Access to established booking platforms and travel supplier resources</p>
<p>Flexible remote work environment</p>
<p>Supportive and collaborative team culture</p>
<p>&nbsp;</p>
<p><strong>Ideal Candidate:</strong></p>
<p>This role is well suited for individuals entering the travel industry, career changers seeking a remote opportunity, or professionals who enjoy coordinating travel experiences and providing excellent client service.</p>\n<p></p><p><br></p><p></p>\n<div>$45,000 - $60,000 a year</div>\n<br/><br/>Please mention the word **DARING** and tag RMjYwMDoxNzAyOjJlOTA6OWJjMDpjOGIxOjQyYWU6NDQ0ZDplOTQ4 when applying to show you read the job post completely (#RMjYwMDoxNzAyOjJlOTA6OWJjMDpjOGIxOjQyYWU6NDQ0ZDplOTQ4). This is a beta feature to avoid spam applicants. Companies can search these words to find applicants that read this and see they're human.",https://remoteOK.com/remote-jobs/remote-fully-cruise-amp-resort-booking-specialist-careers-in-travel-destination-planners-1131521,2026-05-09T00:00:07+00:00
Engineering Manager AI Fleet Management &amp; Honk,Spotify,,"manager, design, system, architect, technical, developer, software, growth, management, lead, operational, engineering, backend, digital nomad","<p>The Platform team creates the technology that enables Spotify to learn quickly and scale easily, enabling rapid growth in our users and our business around the globe. Spanning many disciplines, we work to make the business work; creating the infrastructure, tooling, frameworks, and capabilities needed to welcome a billion customers.</p>
<p><br>What if the systems you built changed how millions of developers work â not just at Spotify, but across the industry? The Platform Developer Experience (PDX) team builds the infrastructure and internal products that power how Spotify engineers ship software. Within PDX, the Wingspan team is building the next generation of fleet management and reimagining how we interact with AI agents â and bringing those capabilities to market through Portal, Spotifyâs external developer platform built on Backstage.</p>
<p>&nbsp;</p>
<p>We are redesigning platform engineering around intelligent agents, large language models, and decision-aware automation. In this role, youâll lead a team shaping how AI becomes a core operating layer of modern platform infrastructure, directly improving how developers ship and maintain software at scale.</p>\n<p></p><p><br></p><b>What You'll Do</b><p>â¢ Lead and grow a team building AI-native backend systems that orchestrate large-scale, autonomous fleet changes<br>â¢ Define the technical vision for integrating LLM-powered reasoning and agent-based execution into production infrastructure<br>â¢ Architect systems where AI agents analyze service metadata, generate safe change plans, execute updates, and validate outcomes<br>â¢ Establish safety boundaries, evaluation frameworks, and observability models for AI-driven automation at scale<br>â¢ Drive responsible AI adoption by embedding governance, auditability, and human-in-the-loop safeguards into system design<br>â¢ Balance rapid experimentation with platform reliability, ensuring intelligent automation meets production-grade standards<br>â¢ Partner with product and go-to-market teams to position Portal and AI fleet management as a leading developer platform<br>â¢ Build a team culture grounded in curiosity, technical rigor, and continuous learning in emerging AI systems</p><p><br></p><b>Who You Are</b><p>&nbsp;â¢ You have 3+ years of experience leading engineering teams working on distributed systems or developer platforms at scale<br>â¢ You have 5+ years of experience in backend engineering with strong expertise in Java, Python, and/or Node.js<br>â¢ You have experience integrating AI/ML systems, LLMs, agent frameworks, or AI-assisted tooling into real-world systems<br>â¢ You understand how autonomous systems make decisions and how to design guardrails that ensure safety, reliability, and traceability<br>â¢ You think in systems, considering data flows, model behavior, orchestration layers, and operational impact<br>â¢ You are comfortable leading in emerging technical domains where patterns are still forming<br>â¢ You create inclusive environments where diverse perspectives strengthen technical and product decisions<br>â¢ You communicate clearly across engineers, product leaders, and executives about both the opportunities and risks of AI-driven systems</p><p><br></p><b>Where You'll Be</b><div>â¢ We offer you the flexibility to work where you work best! For this role, you can be within the EMEA region as long as we have a work location (excluding France due to on-call restrictions).</div>
<div>â¢This team operates within the Central European and GMT time zone for collaboration</div>
<div>&nbsp;</div><p><br></p><p></p>\n<br/><br/>Please mention the word **SAINT** and tag RMjYwMDoxNzAyOjJlOTA6OWJjMDpjOGIxOjQyYWU6NDQ0ZDplOTQ4 when applying to show you read the job post completely (#RMjYwMDoxNzAyOjJlOTA6OWJjMDpjOGIxOjQyYWU6NDQ0ZDplOTQ4). This is a beta feature to avoid spam applicants. Companies can search these words to find applicants that read this and see they're human.",https://remoteOK.com/remote-jobs/remote-engineering-manager-ai-fleet-management-amp-honk-spotify-1131520,2026-05-08T16:01:13+00:00
Senior Manager Government & Industry Affairs Operations,VGW,Maryland,"manager, senior, operations","Senior Manager, Government & Industry Affairs Operations

VGW is an interactive entertainment company, harnessing technology and creativity to deliver world-class, free-to-play online social games.

We have an exciting opportunity to join our Government & Industry Affairs team in the United States and are currently looking for a Senior Manager, Government & Industry Affairs Operations to join the team. 

This is a newly created role that will play an important part in helping VGW coordinate and execute its government affairs activity across the US. You will be responsible for bringing structure, discipline, and clear operating rhythm to a complex, multi state lobbying network, ensuring our external partners are well coordinated, accountable, and aligned to business priorities.

You will work closely with Government Affairs, Legal, Marketing, and external lobbying partners to ensure activity is well planned, compliant, and clearly tracked.

Weâre open to candidates based anywhere in the US, and this role can be performed remotely. We do not currently have a US office, but occasional in person office attendance may be required if that changes in future.

The salary range  for this role is USD $200,000 - $230,000 per year.

Key responsibilities will include:

Managing the day to day operations of VGWâs external lobbying contractors, ensuring activity is clearly understood, tracked, and delivered.
Supporting compliance across VGWâs lobbying activity, including oversight of relevant registrations, disclosures, and state and federal requirements.
Establishing a single source of truth for legislative tracking, reporting, and key activity across the lobbying network.
Building dashboards, reporting frameworks, and quarterly operating reviews tied to clear KPIs for lobbying firms.
Developing<br/><br/>Please mention the word **COHERENT** and tag RMjYwMDoxNzAyOjJlOTA6OWJjMDpjOGIxOjQyYWU6NDQ0ZDplOTQ4 when applying to show you read the job post completely (#RMjYwMDoxNzAyOjJlOTA6OWJjMDpjOGIxOjQyYWU6NDQ0ZDplOTQ4). This is a beta feature to avoid spam applicants. Companies can search these words to find applicants that read this and see they're human.",https://remoteOK.com/remote-jobs/remote-senior-manager-government-industry-affairs-operations-vgw-1131518,2026-05-08T08:00:48+00:00
People Operations Lead,Defense Unicorns,United States,"hr, architect, support, lead, operations, operational","Role Description: As a People Operations Lead, you will serve as the operational backbone and strategic right hand of the Chief People Officer, owning the infrastructure that makes our people programs run while serving as a trusted partner to leaders and employees across every department.

This is a company-wide role that lives at the intersection of HR operations, people strategy, and organizational partnership. You will build and improve the systems, processes, and programs that shape the Defense Unicorns employee experience from day one through every milestone that follows. This is not a support role â it is a high-trust, high-visibility position for someone who moves fast, thinks critically, and takes action: identifies gaps, takes ownership, and drives solutions forward without waiting to be directed.

At Defense Unicorns, the order of priority is: 1) People 2) Culture 3) Process 4) Technology.

We champion our values, are open to experimentation, take ownership, and have fun doing it. As a fast-growing company, policies and processes are continuously being defined and refined and this person will be a key architect of that work, not just a follower of it.



Responsibilities: Company-Wide People Leadership

Navigate complex employee situations with sound judgment, ensuring outcomes are fair, timely, and compliant with applicable laws and regulations.
Support managers in building high-perfo<br/><br/>Please mention the word **REALISTIC** and tag RMjYwMDoxNzAyOjJlOTA6OWJjMDpjOGIxOjQyYWU6NDQ0ZDplOTQ4 when applying to show you read the job post completely (#RMjYwMDoxNzAyOjJlOTA6OWJjMDpjOGIxOjQyYWU6NDQ0ZDplOTQ4). This is a beta feature to avoid spam applicants. Companies can search these words to find applicants that read this and see they're human.",https://remoteOK.com/remote-jobs/remote-people-operations-lead-defense-unicorns-1131517,2026-05-08T08:00:34+00:00
Web Development Specialist,Marketers in Demand,,"web dev, dev","<h1>Overview<br /></h1><p>We're looking for a Web Development Specialist to build and maintain marketing websites and landing pages for our agency's B2B technology clients. This is a hands-on production role across the three platforms our clients live on most: WordPress, HubSpot CMS (COS), and Webflow.<br />You should be equally comfortable building a custom WordPress theme, standing up a HubSpot CMS site with HubL templates and modules, and shipping a Webflow build with a clean CMS structure. On top of that, the modern web is increasingly about wiring things togetherâso we want someone who's strong with APIs and can move fast using the latest AI-assisted build tools (Lovable, Replit, v0, Cursor, Bolt) when the situation calls for it.<br />The work spans new site builds, ongoing iteration on existing client sites, landing pages for paid campaigns, and the integrations that connect those pages to the rest of the marketing stack (CRM, analytics, automations).</p><h1>Core Responsibilities</h1><ul><li>Build and maintain client sites across WordPress, HubSpot CMS (COS), and Webflow</li><li>Develop custom WordPress themes, blocks, and ACF-powered layouts</li><li>Build HubSpot CMS templates, modules, and themes using HubL</li><li>Build Webflow sites with well-structured CMS collections and reusable components</li><li>Translate Figma designs into pixel-accurate, responsive, performant pages</li><li>Integrate with third-party APIsâHubSpot, Salesforce, Stripe, Airtable, custom webhooks</li><li>Build and connect forms, lead routing, and automation flows across CRM and marketing tools</li><li>Use AI-assisted build platforms (Lovable, Replit, v0, Cursor, Bolt) to prototype and ship faster</li><li>Implement analytics, conversion tracking, and tag management (GA4, GTM, HubSpot)</li><li>Optimize for Core Web Vitals, accessibility, and SEO fundamentals</li><li>Collaborate with designers, strategists, and paid media specialists to ship fast</li></ul><h1>Requirements</h1><ul><li>Strong hands-on experience with WordPress (custom themes, ACF, common page builders)</li><li>Strong hands-on experience with HubSpot CMS / COS (HubL templates, modules, themes)</li><li>Strong hands-on experience with Webflow (CMS, interactions, structured builds)</li><li>Solid working knowledge of HTML, CSS, JavaScript, and PHP</li><li>Comfortable integrating with REST/GraphQL APIsâreading docs, handling auth, debugging payloads</li><li>Experience using modern AI-assisted build platforms like Lovable, Replit, v0, Cursor, or Bolt</li><li>Familiarity with GA4, Google Tag Manager, and conversion tracking setup</li><li>Understanding of responsive design, performance, and accessibility basics</li><li>Self-managed: can run multiple projects in parallel and hit deadlines</li></ul><h1>Nice to Have</h1><ul><li>Experience with B2B or technology brands specifically</li><li>Familiarity with Next.js / React for occasional custom builds outside the three core platforms</li><li>Experience with Zapier, Make, n8n, or similar low-code automation tools</li><li>Light backend or serverless experience (API routes, edge functions, custom endpoints)</li><li>Familiarity with Sanity, Contentful, or other headless CMS platforms</li><li>Experience building reusable component libraries or template systems</li></ul><h1>What We're Looking For<br /></h1><p>A fast, pragmatic builder who's fluent across WordPress, HubSpot, and Webflow and treats APIs as a first-class tool, not a last resort. The right person knows when to reach for a CMS, when to build a custom integration, and when to use a vibe-coding platform like Lovable or Replit to prototype something in an afternoon. Reliability, speed, and good platform instincts matter more than deep specialization in any single framework.</p><br/><br/>Please mention the word **FASHIONABLE** and tag RMjYwMDoxNzAyOjJlOTA6OWJjMDpjOGIxOjQyYWU6NDQ0ZDplOTQ4 when applying to show you read the job post completely (#RMjYwMDoxNzAyOjJlOTA6OWJjMDpjOGIxOjQyYWU6NDQ0ZDplOTQ4). This is a beta feature to avoid spam applicants. Companies can search these words to find applicants that read this and see they're human.",https://remoteOK.com/remote-jobs/remote-web-development-specialist-marketers-in-demand-1131516,2026-05-08T01:00:28+00:00
Principal Marketing Analytics Manager,Greenhouse,Anywhere in the United States,"manager, architect, technical, growth, investment, marketing, excel, analytics, go","Our mission at Greenhouse is to make hiring work for everyone â so we go to great lengths to hire great people because we believe that theyâre the foundation of our success. At Greenhouse, youâll join a team that collaborates purposefully, fosters inclusivity, and communicates with transparency and accountability so we can achieve our mission.

Join us to do the best work of your career, solving meaningful problems with remarkable teams.

Greenhouse is looking for a Principal Marketing Analytics Manager to join our team! 

Reporting to the VP of Growth Marketing, the Principal Marketing Analytics Manager owns the analytics strategy, reporting architecture, and performance insights for the entire marketing organization. This is a high-visibility, high-impact role that serves as the strategic engine behind our growth.

In this role, you will do more than manage data; you will manage intelligence. You will deliver the analytics, dashboards, and insights required to optimize performance, but your real value lies in your ability to synthesize that data into a compelling narrative. You will be the primary architect of our executive-level operating reviews and QBRs, translating complex data into the ""So What"" that drives investment decisions at the highest levels of the company.

Who will love this job

A data devotee â You are obsessed with the narratives hidden in data and excel at translating technical metrics into strategic business stories that resonate with executives.
A Proactive Partner â You don't wait for a ticket or a roadmap. You sit in the huddles with Demand Gen, Content, and Brand leads, identifying their pain points and building solutions before they even ask.
A Master Storyteller â You have the ""Executive Presence"" to walk into a QBR and not just present numbers, but provide a clear perspective on where we are winning, where we are losing, and where we must pivot.
An AI-First Builder â You have a high ""Bias for Action"" and use AI to scale your impact. Youâd rather use<br/><br/>Please mention the word **ROMANTIC** and tag RMjYwMDoxNzAyOjJlOTA6OWJjMDpjOGIxOjQyYWU6NDQ0ZDplOTQ4 when applying to show you read the job post completely (#RMjYwMDoxNzAyOjJlOTA6OWJjMDpjOGIxOjQyYWU6NDQ0ZDplOTQ4). This is a beta feature to avoid spam applicants. Companies can search these words to find applicants that read this and see they're human.",https://remoteOK.com/remote-jobs/remote-principal-marketing-analytics-manager-greenhouse-1131515,2026-05-08T00:06:04+00:00
Sales Development Representative,Kiavi,Remote,"security, fintech, sales","Kiavi is one of the nationâs largest private lenders to residential real estate investors (REIs). We harness the power of data & technology to offer our customers a simpler, more reliable, and faster way to access the capital they need to scale their businesses. Formerly known as LendingHome, weâre committed to helping REIs revitalize the approximately $25 trillion worth of aged U.S. housing stock to provide move-in ready homes and rental housing for millions of Americans across the country. Combining our technology and industry expertise, Kiavi has grown to a team of over 500 and has won many awards over the years including Forbes Fintech 50, Finovate Awards, Best Digital Mortgage Platform, Fast Companyâs Most Innovative Companies, and many more. Loans Funded: $30 billion in loans funded Homes financed: 100,000+ projects funded for our customers across the country Geography: 49 states + D.C. where we lend to REIs so they can revitalize neighborhoods Employees: Over 500 employees with competitive benefits and perks This position can be based remotely in any of our approved hiring regions. Our hybrid distributed workforce philosophy allows us to find the best talent in the country and build diverse teams, while allowing our colleagues to work from the location that works best for them. Identity Verification Notice: To ensure the security and integrity of our hiring process, al<br/><br/>Please mention the word **GLADLY** and tag RMjYwMDoxNzAyOjJlOTA6OWJjMDpjOGIxOjQyYWU6NDQ0ZDplOTQ4 when applying to show you read the job post completely (#RMjYwMDoxNzAyOjJlOTA6OWJjMDpjOGIxOjQyYWU6NDQ0ZDplOTQ4). This is a beta feature to avoid spam applicants. Companies can search these words to find applicants that read this and see they're human.",https://remoteOK.com/remote-jobs/remote-sales-development-representative-kiavi-1131514,2026-05-08T00:05:13+00:00
Talent Acquisition Pipeline Manager,Nava PBC,,"manager, design, consultancy, cloud, engineering, digital nomad","About Nava

Nava is a consultancy and public benefit corporation working to make government services simple and effective. Since 2015, federal, state, and local agencies have trusted Nava to help solve highly scrutinized technology modernization challenges.

As a client services company, we guide agencies constrained by legacy systems to a future with sharp user experiences built on secure, reliable, fault-tolerant cloud infrastructure. We bill for our time, offering our expertise and problem-solving approach to help our government partners enhance their digital products and services. People are at the heart of our work, from members of the public who rely on benefit programs to government agency staff. Through human-centered design and modern engineering best practices, we help our government partners understand user needs and deliver on<br/><br/>Please mention the word **HILARIOUS** and tag RMjYwMDoxNzAyOjJlOTA6OWJjMDpjOGIxOjQyYWU6NDQ0ZDplOTQ4 when applying to show you read the job post completely (#RMjYwMDoxNzAyOjJlOTA6OWJjMDpjOGIxOjQyYWU6NDQ0ZDplOTQ4). This is a beta feature to avoid spam applicants. Companies can search these words to find applicants that read this and see they're human.",https://remoteOK.com/remote-jobs/remote-talent-acquisition-pipeline-manager-nava-pbc-1131513,2026-05-08T00:03:22+00:00
Analytics Engineer,Civitech,"Austin, TX or Remote","python, support, code, cloud, analytics, engineer, engineering, full-time","<p>
</p><p>Civitech is a public benefit corporation dedicated to creating a fairer and more equitable democracy by building the tools and infrastructure needed to increase civic participation, empower Democratic candidates to win, and support the success of progressive causes. Since its founding in 2019, over 500 partners -- a range of nonprofit organizations, national political committees, and individual campaigns -- have utilized Civitechâs tools to reach tens of millions of voters to help create a more equitable and progressive democracy.&nbsp;</p>
<p>&nbsp;</p>
<p>Civitech is a remote-first company hiring within our current footprint of 27 states (AL, AK, CA, CO, DC, DE, FL, GA, HI, IL, MA, MD, MN, NC, ND, NH, NJ, NV, NY, OH, SD, TN, TX, VA, WA, WI, WY); Civitech does have an office in Austin, TX.</p>
<p>&nbsp;</p>
<p>It is important that our team reflects the diversity of the organizations we seek to serve. We strongly encourage women, people of color, LGBTQIA+ people, and others otherwise underrepresented in the technology sector to apply.</p>
<p></p>\n<p></p><p><br></p><div><span style=""font-size: 11pt; font-family: Arial, sans-serif; color: #1d1c1d;""><strong>This is a temporary role expected to run through November 15, 2026</strong>. While there may be the potential for extension or conversion to a full-time role depending on business needs, candidates should apply with the understanding that the position is currently scoped as a fixed-term role, non-eligible for benefits.</span></div>
<div>&nbsp;</div>
<div><span style=""font-size: 11pt; font-family: Arial, sans-serif; color: #1d1c1d;"">The Analytics Engineer will turn raw voter, district shape, and product data into clean, well-modeled, trustworthy datasets that power dashboards, pipelines, and the tools our partners rely on every day. This role ensures that decision-makers across Civitech and our partner organizations are working from clean data they can trust, ultimately contributing to our mission of increasing civic participation and supporting progressive causes.</span></div><p><br></p><b>Civitech's Values</b><ul>
<li><span style=""font-size: 11pt;"">We act with Integrity â At Civitech, we hold ourselves to the highest standards and value open and transparent communications with all of our stakeholders. Our rigorous approach to product design, testing, and data science leads to accurate assessments of our outcomes and challenges us to constantly improve our tools.</span></li>
<li><span style=""font-size: 11pt;"">We are Changemakers â As a team, Civitech seeks to make transformational change in our democracy by eliminating obstacles meant to hamper contribution from every member of the community.</span></li>
<li><span style=""font-size: 11pt;"">We are Collaborators - Buoyed by our mission, we look for opportunities to partner with everyone committed to making democracy easier to participate in. We seek to understand the challenges our partners face and use our skills and creativity to help them solve them.</span></li>
<li><span style=""font-size: 11pt;"">We are Bold â We recognize that disruptive change won't come with doing business as usual. Civitech seeks to revolutionize civic participation by bringing innovation and creativity to politics.</span></li>
</ul><p><br></p><b>What You Will Do</b><div>
<ul>
<li><span style=""font-size: 11pt;"">Build and maintain dbt models that transform raw data from multiple sources into clean, tested, well-documented datasets.</span></li>
<li><span style=""font-size: 11pt;"">Partner with data scientists, engineers, and product teams to translate ambiguous questions into durable data models rather than one-off queries.</span></li>
<li><span style=""font-size: 11pt;"">Improve data quality across the stack by writing tests, defining expectations for critical models, and triaging issues when something looks wrong.</span></li>
<li><span style=""font-size: 11pt;"">Document models, metrics, and lineage so engineers, analysts, and partner organizations can self-serve with confidence.</span></li>
<li><span style=""font-size: 11pt;"">Use Python where it's the right tool â for orchestration, ad-hoc work, or transformations that don't belong in dbt.</span></li>
<li><span style=""font-size: 11pt;"">Raise the bar on analytics engineering practices, including code review, modeling conventions, CI for data, and documentation standards.</span></li>
<li><span style=""font-size: 11pt;"">Perform additional engineering and data duties as needed to support the broader team.</span></li>
</ul>
</div><p><br></p><b>About You</b><div>
<ul>
<li><span style=""font-size: 11pt;"">3+ years of experience in analytics engineering, data engineering, or a closely related role where modeling data was central to the job.</span></li>
<li><span style=""font-size: 11pt;"">Strong SQL skills and production experience with dbt, including tests, documentation, and a sensible approach to project structure.</span></li>
<li><span style=""font-size: 11pt;"">Comfortable in Python for data work, including pandas, scripting, and lightweight automation.</span></li>
<li><span style=""font-size: 11pt;"">Experience with a cloud data warehouse (Snowflake, BigQuery, Redshift, or similar) and an instinct for writing SQL that performs well at scale.</span></li>
<li><span style=""font-size: 11pt;"">A bias toward clarity â you write models, tests, and documentation that other people can actually use.</span></li>
<li><span style=""font-size: 11pt;"">Comfort with ambiguity. Political and civic data is messy and timelines are real; you can move quickly without leaving a mess behind you.</span></li>
<li><span style=""font-size: 11pt;"">Familiarity with voter file data, VAN/EveryAction, or other political/civic data sources is a plus.</span></li>
<li><span style=""font-size: 11pt;"">Experience with orchestration tools (Airflow, Dagster, Prefect) or modern data ingestion (Fivetran, Airbyte) is an advantage.</span></li>
<li><span style=""font-size: 11pt;"">Committed to leveraging technology and data products to help Democratic candidates run for office and win, empower progressive causes, and increase civic participation.</span></li>
</ul>
</div><p><br></p><p></p>\n<div>$85,000 - $95,000 a year</div>\n<p>
</p><p>In lieu of a cover letter, please answer the application questions enclosed (weâd like to hear from YOU, not ChatGPTâyes, we can tell!).</p>
<p>&nbsp;</p>
<p>Civitech is not able to provide visa sponsorship at this time.</p>
<p>&nbsp;</p>
<p><em>Civitech provides equal employment opportunities (EEO) to all employees and applicants for employment without regard to race, color, religion, gender, sexual orientation, gender identity or expression, national origin, age, disability, genetic information, marital status, amnesty, or status as a covered veteran in accordance with applicable federal, state and local laws.&nbsp;</em></p>
<p>&nbsp;</p>
<p><em>Please be aware that Civitech utilizes E-Verify to verify an employee's eligibility to work in the United States. This step occurs after an offer has been extended and accepted, and after the employee has completed their Form I-9. Please find more information about our participation in this program&nbsp;<a href=""https://www.e-verify.gov/employees/employee-rights-and-responsibilities"">here</a>.</em></p>
<p>&nbsp;</p>
<p>No recruiters or agencies, please!</p>
<p></p><br/><br/>Please mention the word **LUXURIOUS** and tag RMjYwMDoxNzAyOjJlOTA6OWJjMDpjOGIxOjQyYWU6NDQ0ZDplOTQ4 when applying to show you read the job post completely (#RMjYwMDoxNzAyOjJlOTA6OWJjMDpjOGIxOjQyYWU6NDQ0ZDplOTQ4). This is a beta feature to avoid spam applicants. Companies can search these words to find applicants that read this and see they're human.",https://remoteOK.com/remote-jobs/remote-analytics-engineer-civitech-1131512,2026-05-08T00:01:48+00:00
Drug & Alcohol Counselor,Pelago,Remote,"support, growth, c, health","Pelago is the worldâs leading virtual clinic for Substance Use Management. Our program provides guidance, support and treatment for members seeking to overcome their tobacco, alcohol and opioid use. From unhealthy habits to active substance use disorders, Pelago delivers a personalized solution based on individual health, habits, genetics, and goals, providing care for members wherever they might be on the substance use spectrum.

Pelago's suite of virtual services ranges from education, to cognitive behavioral therapy (CBT) to comprehensive medication-assisted treatment (MAT). Pelago enables employers and health plans to deliver accessible, affordable, and effective treatment for substance misuse.

Pelago has scaled to helping hundreds of employers and health plans and has already helped more than 750,000 members manage their substance use better. We have recently closed our Series C and raised over $151m from leading global investors. If you are passionate about making an impact on the health of others, join us and make it happen!

About the Role:
We're on the lookout for a remote drug and alcohol counselor to join the leading digital clinic for substance addictions. As a key member of our counseling team, you'll play a crucial role in supporting and empowering individuals on their journey to overcome substance addictions. Your main objective will be guiding members towards leading addiction-free lives! Collaborating closely with our dynamic team, you'll contribute to the rapid growth of our business, gaining invaluable firsthand experience in scaling up a successful venture.

This is a full-time, remote position with flexible working hours, open to candidates based anywhere in the U.S., provided they hold an active California license.<br/><br/>Please mention the word **AMPLE** and tag RMjYwMDoxNzAyOjJlOTA6OWJjMDpjOGIxOjQyYWU6NDQ0ZDplOTQ4 when applying to show you read the job post completely (#RMjYwMDoxNzAyOjJlOTA6OWJjMDpjOGIxOjQyYWU6NDQ0ZDplOTQ4). This is a beta feature to avoid spam applicants. Companies can search these words to find applicants that read this and see they're human.",https://remoteOK.com/remote-jobs/remote-drug-alcohol-counselor-pelago-1131510,2026-05-08T00:00:41+00:00
Tech Lead,Zensurance,"Toronto, ON","design, system, front-end, back-end, security, training, full-stack, docker, technical, support, software, testing, test, growth, code, web, scrum, devops, javascript, education, strategy, management, lead, senior, health, engineering, digital nomad","<p><b>About Us:</b></p><p>Zensurance is redefining commercial insurance for Canadian businesses.&nbsp;</p><p><br></p><p>As a leading InsurTech, we make getting the right coverage simple, fast, and accessible through a digital-first experience. Our platform combines advanced technology with deep industry expertise to deliver tailored insurance solutions that help businesses thrive.</p><p><br></p><p>Zensurance has been recognized for its rapid growth and industry impact:</p><p><br></p><p><b>â </b><a href=""https://www.newswire.ca/news-releases/deloitte-canada-unveils-2025-technology-fast-50-tm-program-winners-as-tech-resilience-powers-cross-country-innovation-886643713.html""><b>Deloitteâs Technology Fast 50 (2023, 2024, 2025)</b></a></p><p><a href=""http://chrome-extension://efaidnbmnnnibpcajpcglclefindmkaj/https://www.deloitte.com/content/dam/assets-zone3/us/en/docs/services/deloitte-private/2025/us-2025-technology-fast-500-rankings.pdf"">â</a><b>&nbsp;</b><a href=""http://chrome-extension://efaidnbmnnnibpcajpcglclefindmkaj/https://www.deloitte.com/content/dam/assets-zone3/us/en/docs/services/deloitte-private/2025/us-2025-technology-fast-500-rankings.pdf""><b>Deloitteâs Technology Fast 500 (2024, 2025)</b></a></p><p>â <a href=""https://www.insurancebusinessmag.com/ca/best-insurance/top-insurance-employers-2022-427797.aspx#winnersListSection""><b>Top Insurance Employers (2022)</b></a></p><p><br></p><p>At Zensurance, we value ownership, collaboration, and innovation. Our team thrives on solving complex challenges, challenging the status quo, and making a real impact in an industry ready for change.&nbsp;</p><p><br></p><p>If you're looking to build something meaningful in a fast-growing, customer-focused company, weâd love to hear from you!</p><p><br></p><p>Weâre hiring<strong> Tech Leads</strong> to support our <strong>Core and Payments teams</strong>.</p>
<p>
</p><p>&nbsp;</p>
<p>Our Core team is responsible for the engine driving the companyâs key goals such as adding more relevant insurance products with great prices on our website and delivering relevant insurance documents to our customers with ease.</p>
<p>&nbsp;</p>
<p>The Payments Team is responsible for understanding, evaluating, and improving our checkout experience which includes customer data confirmation, e-sign, financing, payment collection and invoicing integrations backed by third-party solutions</p>
<p></p>
<p>&nbsp;</p>
<p>As a Tech Lead, you will bring deep technical expertise to help steer the Engineering team's technical direction, reinforcing our culture of iterative, autonomous development and deployment. Your primary focus will be on addressing security and scalability considerations, collaborating closely with the Product Manager, Team Lead, Engineers, and Staff Developers to design and implement systems and processes that enable your team to deliver effectively.</p>
<p>&nbsp;</p>
<p>As a senior member of the team, you can articulate your thinking clearly, discuss complex ideas with ease, and manage your time well to meet important deadlines while also mentoring other team members as needed.</p>
<p>Reporting to the Engineering Manager, you will design and implement solutions for both the front-end application and the back-end APIs.</p>
<p>&nbsp;</p>
<p>This is a remote-first role within Canada. #LI-Remote</p>\n<p></p><p><br></p><b>Responsibilities:</b><ul>
<li>Collaborate with project stakeholders and the development team to design, build, and implement scalable, user-friendly apps and libraries using Node, React, and Typescript.</li>
<li>Collaborate with Product Management to examine, adjust, and break down roadmap items into epics and break down epics into discreet, actionable, appropriately sized tickets in the teamâs backlog.</li>
<li>Provide a technical perspective on organizational objectives within the teamâs scope of activities. Analyze requirements, identify areas of concern, and provide recommendations based on your extensive technical background.</li>
<li>Using POC models provided by Staff Developers, design and implement systems and infrastructure in accordance with the teamâs vision and culture.</li>
<li>Adhere to the organizationâs security strategy using a security-first mindset.</li>
<li>Discuss various strategies and architecture and highlight tradeoffs for potential solutions.</li>
<li>Perform code reviews, ensuring that pull requests accurately reflect the acceptance criteria of the tickets they address.</li>
<li>Use quality metrics to identify gaps in the testing strategy.&nbsp;</li>
<li>Work with teams to recommend solutions that are in accordance with accepted testing frameworks.</li>
<li>Manage and optimize the integration of third-party systems into our infrastructure while ensuring the reliability, performance, and security of these systems. You will collaborate closely with cross-functional teams to identify integration needs, implement solutions, and monitor system performance to guarantee uninterrupted service delivery.</li>
<li>Define and prioritize areas of technical debt and bugs, taking into consideration outcomes of the incident management process and addressing them with the team.</li>
<li>Foster a culture of iterative deployability with awareness of cycle time and failure rates.</li>
<li>Coach and mentor the development team and work to expand their technical knowledge and skills.</li>
<li>Use a systematic approach to debugging to diagnose issues within the application.</li>
<li>Write unit tests as well as higher-level tests to ensure application quality and stability.</li>
<li>Consistently produce production-ready code that is easily testable, easily understandable, and accounts for edge cases and errors, using comments and other documentation strategies where appropriate.</li>
<li>Follow Agile practices, suggest improvements, and participate in team events.</li>
<li>Develop a strong understanding of the companyâs goals and initiatives and help the engineering team deliver on those goals/initiatives.</li>
<li>Ensure technical standards such as accessibility, performance, security, maintainability, functional correctness, operability and observability are observed in the modules developed and maintained by the team.</li>
<li>Document decisions, research and guides to foster and build a culture of continuous learning and continuous improvement.</li>
</ul><p><br></p><b>Requirements:</b><ul>
<li>University degree or college diploma in a recognized technical, vocational or academic program or equivalent work experience.</li>
<li>7+ years of experience building rich, complex and scalable APIs, including integration with third party APIs.</li>
<li>5+ years of building front-end web applications using modern Javascript frameworks.</li>
<li>2+ experience in designing scalable and distributed systems.</li>
<li>Experience mentoring other developers.</li>
<li>Extensive full-stack experience working with React/Redux/Node/Typescript/PostgreSQL and Javascript.</li>
<li>Extensive experience with the Scrum framework and Agile methodologies.</li>
<li>Familiarity with DORA metrics to measure the DevOps Performance and experience in communicating whatâs been measured with the team.&nbsp;</li>
<li>Experience architecting and augmenting large software systems.</li>
<li>Experience with Javascript development toolings like WebPack, Babel, and Storybook.</li>
<li>Experience with Unit Testing frameworks like Jest/Mocha.</li>
<li>Experience building and/or working with micro-services and micro front-ends.</li>
</ul><p><br></p><b>Nice to have:</b><ul>
<li>Experience working with test automation frameworks like Cypress, Nightwatch, Selenium, and BrowserStack.</li>
<li>Experience working with Infrastructure as Code using tools like Terraform, Pulumi and AWS.</li>
<li>Experience with containerization tools such as Docker or Kubernetes.</li>
</ul><p><br></p><p></p>\n<div>$150,000 - $170,000 a year</div><small><div>The salary range for this role is $150,000 to $170,000, not including the annual discretionary bonus and any additional performance-based incentives.</div>
<div>&nbsp;</div>
<div>The annual base salary range provided for this position is a nationwide market range and represents a broad range of salaries for this role across the country. The actual salary for this position will be determined by a number of factors, including the scope, complexity and location of the role; the skills, education, training, credentials and experience of the candidate; and other conditions of employment. As part of our comprehensive compensation and benefits program, employees may also be eligible for performance-based case incentive awards.</div></small>\n<p><b>Join Our Engineering Team - Where Growth Meets Innovation</b></p><p><br></p><p>At Zensurance, we believe engineering is more than just writing great code. Itâs about learning, growing, and building something meaningful together. Our remote-first team is a place where youâll be<b> challenged, supported, and encouraged</b> to thrive. Hereâs what makes our team special:</p><p><br></p><p>â <b>A Leadership Team Thatâs Got Your Back</b></p><p>Our experienced and approachable engineering leaders arenât just here to manage - theyâre here to mentor, guide, and help you unlock your full potential.</p><p><br></p><p>â <b>Fuel Your Growth</b></p><p>We invest in your learning with<b> training budgets, professional development programs, and mentorship opportunities</b>. Want to explore a new tech stack or level up your skills? We can help get you there.</p><p><br></p><p>â <b>A Culture of Sharing &amp; Support</b></p><p>From <b>Power-Ups and book clubs to tech talks and hackathons</b>, we believe in learning from each other. Have a cool idea or an interesting challenge? Letâs solve it together.</p><p><br></p><p>â&nbsp;<b> Hack, Build, and Innovate</b></p><p>Twice a year, we hit pause on our regular work for <b>company-wide hackathons</b>, giving you the chance to experiment, push boundaries, and build something awesome.</p><p><br></p><p>â <b>Clear Career Growth, No Guesswork</b></p><p>We donât do vague career paths. Our <b>well-defined growth tracks</b> show you exactly whatâs needed to take your career to the next level, in a way that aligns with your skills and ambitions.</p><p><br></p><p>And the best part? Youâll work on <b>exciting projects using cutting-edge technologies like TypeScript, NestJS microservices, and micro-frontends with React.</b> If you're looking for a team that values learning, collaboration, and impactful work, weâd love to meet you!</p><p><br></p><p><b>Benefits &amp; Perks at Zensurance:</b></p><p><br></p><p>At Zensurance, we know that when our people thrive, so does our business. Thatâs why we offer a flexible, people-first work environment designed to support your well-being, growth, and success.</p><p><br></p><p>ð» Work Your Way</p><p><br></p><p>â¢ Remote-first setup for added flexibility&nbsp;</p><p>â¢ Home office allowance to create a comfortable workspace</p><p>â¢ Top-tier tech: ""Office in a box"" with all necessary tech equipment</p><p>â¢ Half days before public holidays: Enjoy half days before long weekends</p><p><br></p><p>â¤ï¸ Your Health, Your Way</p><p><br></p><p>â¢ Flexible health and dental plans for families, including mental health support</p><p>â¢ Health &amp; personal spending accounts to invest in wellness your way</p><p>â¢ Parental leave top-up, because family comes first</p><p><br></p><p>ð Investing in Your Growth</p><p><br></p><p>â¢ Education assistance reimbursement for courses, conferences, books, and memberships</p><p>â¢ Opportunities to learn from industry experts and grow your career</p><p><br></p><p>ð¤ Staying Connected</p><p><br></p><p>â¢ Weekly Friday huddles to share updates and connect across teams</p><p>â¢ Virtual &amp; in-person team-building events to strengthen our culture</p><p><br></p><p>Weâre building something special. Come be a part of it!</p><p><br></p><p><b>Who We Are:</b></p><p><br></p><p>Business is hard work, but insurance doesnât have to be!</p><p><br></p><p>We empower business owners with simple, tech-driven insurance solutions through our online platform.&nbsp;</p><p><br></p><p>Our success is fueled by our team-oriented culture and four core values:</p><p><br></p><p><b>DELIVER â</b>&nbsp;We set ambitious goals and achieve them.</p><p><b>INCLUDE&nbsp;â&nbsp;</b>We foster an open and safe space for all.</p><p><b>INTEGRITY&nbsp;â</b>&nbsp;We do whatâs right.</p><p>I<b>NVENT&nbsp;â</b>&nbsp;We create straightforward, innovative solutions.</p><p><br></p><p><b>AI Tools and Your Interview:</b></p><p><br></p><p>We know AI is a valuable tool, and you're welcome to use it to prepare for your interview. However, please don't use AI assistants during the live interview itself. We want to have an authentic conversation with you, and using AI during the interview could affect our evaluation of your suitability for the role.</p><p><br></p><p>Just so you know, we use an AI scribe to help us take notes and review interviews, ensuring a fair and clear process.</p><p><br></p><p><b>Diversity &amp; Inclusion:</b></p><p><br></p><p>Zensurance celebrates diversity and is committed to creating an inclusive environment. We welcome applications from all backgrounds and provide accommodations throughout the hiring process. If you need support, let us know, weâre here to help.</p><p><br></p><p><b>Thank You!</b></p><p><br></p><p>We review every application with care to find the best fit for our team.</p><p><br></p><p>While we may take a little time to get back to you due to the high volume of applications we receive, know that a real human (not a bot!) is reviewing yours. We appreciate your patience and can't wait to learn more about you!</p><p><br></p><br/><br/>Please mention the word **STUNNED** and tag RMjYwMDoxNzAyOjJlOTA6OWJjMDpjOGIxOjQyYWU6NDQ0ZDplOTQ4 when applying to show you read the job post completely (#RMjYwMDoxNzAyOjJlOTA6OWJjMDpjOGIxOjQyYWU6NDQ0ZDplOTQ4). This is a beta feature to avoid spam applicants. Companies can search these words to find applicants that read this and see they're human.",https://remoteOK.com/remote-jobs/remote-tech-lead-zensurance-1131509,2026-05-08T00:00:03+00:00
Senior Software Engineer,Cast AI,,"golang, software, senior, engineer","Remote - We are hiring across multiple teams!As a Senior Software Engineer, you will have the opportunity to work on different key features of our product. We are currently hiring Senior Software Engineers for the following teams:â Workload Optimization â Automates work...<br/><br/>Please mention the word **STURDY** and tag RMjYwMDoxNzAyOjJlOTA6OWJjMDpjOGIxOjQyYWU6NDQ0ZDplOTQ4 when applying to show you read the job post completely (#RMjYwMDoxNzAyOjJlOTA6OWJjMDpjOGIxOjQyYWU6NDQ0ZDplOTQ4). This is a beta feature to avoid spam applicants. Companies can search these words to find applicants that read this and see they're human.",https://remoteOK.com/remote-jobs/remote-senior-software-engineer-cast-ai-1131507,2026-05-07T12:00:02+00:00
Senior Data Engineer,Valon Mortgage,,"design, saas, python, architect, technical, support, cloud, strategy, management, senior, operations, operational, analytics, reliability, go, engineer, engineering, digital nomad","<h2><strong>About the Company</strong></h2><p style=""min-height:1.5em""> Valon is transforming both mortgage servicing and consumer direct lending with a technology-first approach. Backed by Andreessen Horowitz (a16z) and managing over $130 billion in loans, weâve built our platforms from the ground upânot on outdated legacy systemsâso homeowners, lenders, and investors experience greater transparency, efficiency, and care. By unifying processes into a modern, AI-native operating system, weâre leading the way in automation, compliance, and continuous improvement across our servicing and lending businesses.</p><p style=""min-height:1.5em""></p><p style=""min-height:1.5em"">Our mission is to empower every homeowner by making the mortgage experience simple, secure, and financially empowering. To achieve this, we bring together world-class engineers, servicing experts, lending professionals, and operations leaders who share a passion for improving the homeowner journey. Weâre not only reshaping what servicing and lending look like todayâweâre creating opportunities for talented people to help drive the future of the industry.</p><p style=""min-height:1.5em""></p><p style=""min-height:1.5em"">As we continue to grow, Valon is expanding its footprint across multiple states, opening the door to exciting new roles and career paths. Joining Valon means becoming part of a fast-scaling company where innovation, collaboration, and customer impact go hand in hand. Mortgage is just the beginningâweâre building the future of regulated finance, and we want you to be part of it.</p><p style=""min-height:1.5em""></p><h2><strong>About the Role</strong></h2><p style=""min-height:1.5em"">We are looking for a Senior Data Engineer to own all facets of data infrastructure at Valon. You will be responsible for managing/optimizing our core data infrastructure, building/maintaining custom data ingestion pipelines, optimizing/implementing complex data transformations, and partnering with the analytics team to architect the optimal long-term infra strategy for Valon. You will be the data teamâs infrastructure quarterback, and success will mean standing up the proper tooling or processes and flexibly problem-solving to ensure the team is able to carry out its mission efficiently and seamlessly.</p><p style=""min-height:1.5em""></p><h2><strong>Responsibilities</strong></h2><p style=""min-height:1.5em"">Core Data Infrastructure &amp; Scalability</p><ul style=""min-height:1.5em""><li><p style=""min-height:1.5em"">Own and optimize Valonâs core data infrastructure for performance, reliability, and cost efficiency as data volume and complexity grow.</p></li><li><p style=""min-height:1.5em"">Design and extend multi-tenant data architectures to support a scalable SaaS model.</p></li><li><p style=""min-height:1.5em"">Evaluate and improve warehouse design, data models, and schema strategies to minimize redundancy and maximize query performance.</p></li><li><p style=""min-height:1.5em"">Lead and execute infrastructure migrations with minimal downtime and high data integrity.</p></li><li><p style=""min-height:1.5em"">Build and maintain custom ingestion pipelines for data sources not covered by ELT vendors.</p></li></ul><p style=""min-height:1.5em"">Observability, Performance &amp; Maintenance</p><ul style=""min-height:1.5em""><li><p style=""min-height:1.5em"">Build or integrate observability tooling for pipeline health, latency, data freshness, drift detection, and schema change monitoring.</p></li><li><p style=""min-height:1.5em"">Optimize data transformation jobs for speed and cost efficiency, identifying performance bottlenecks and refactoring as needed.</p></li><li><p style=""min-height:1.5em"">Establish and run routine maintenance processes to ensure data quality, stability, and platform consistency.</p></li><li><p style=""min-height:1.5em"">Drive a culture of data reliability engineering by codifying best practices, automation, and operational excellence.</p></li></ul><p style=""min-height:1.5em"">Strategic Leadership &amp; Enablement</p><ul style=""min-height:1.5em""><li><p style=""min-height:1.5em"">Define and communicate the long-term data infrastructure roadmap, aligning technical evolution with Valonâs business growth.</p><ul style=""min-height:1.5em""><li><p style=""min-height:1.5em"">Think strategically: What does our infrastructure need to look like at 10x or 100x scale?</p></li></ul></li><li><p style=""min-height:1.5em"">Partner closely with the analytics team to enable faster insights through better tooling, performance, and documentation.</p></li><li><p style=""min-height:1.5em"">Act as a force multiplier for the broader data team - mentoring on best practices and improving development velocity across pipelines and models.</p></li></ul><p style=""min-height:1.5em"">Cross-Functional Execution</p><ul style=""min-height:1.5em""><li><p style=""min-height:1.5em"">Collaborate with platform and product teams to design systems that meet business, operational, and regulatory requirements.</p></li><li><p style=""min-height:1.5em"">Occasionally take on complex, non-infrastructure data projects, such as data products or analytical initiatives, to stay close to end-user needs and maintain empathy with analysts.</p></li></ul><p style=""min-height:1.5em""></p><h2><strong>Qualifications</strong></h2><ul style=""min-height:1.5em""><li><p style=""min-height:1.5em"">4+ years of data engineering experience successfully creating/optimizing/scaling data stacks and supporting data teams, at least 2 years in an early- to mid-stage startup</p></li><li><p style=""min-height:1.5em"">Deep knowledge and experience deploying and optimizing dbt or comparable tooling</p></li><li><p style=""min-height:1.5em"">Experience managing multiple types of data management systems (data warehouses, data marts, data lakes)</p></li><li><p style=""min-height:1.5em"">Experience building/procuring tools and processes to monitor end-to-end data stack health</p></li><li><p style=""min-height:1.5em"">Mastery of SQL from both functionality and performance perspective</p></li><li><p style=""min-height:1.5em"">Fluency in writing scripts in Python or a similar language</p></li><li><p style=""min-height:1.5em"">Experience working with and tuning cloud data warehouses and compute environments. Experience with BigQuery/GCP a plus</p></li><li><p style=""min-height:1.5em"">Experience optimizing BI tool performance and managing permissions, Looker experience a plus</p></li><li><p style=""min-height:1.5em"">Experience managing/tuning EL connector solutions (such as Fivetran, Stitch, etc.) and building custom ingestion pipelines</p></li><li><p style=""min-height:1.5em"">Strong prioritization skills, effort vs. impact thinking, stakeholder management</p></li><li><p style=""min-height:1.5em"">Ability to reason about factors/interactions/root causes outcomes across the data stack, able to back up arguments/decisions with data</p></li><li><p style=""min-height:1.5em"">Deep understanding of data team workstreams and needs, ideally in the form of past experience as a data analyst/data scientist</p></li></ul><p style=""min-height:1.5em""></p><h2><strong>Benefits</strong></h2><ul style=""min-height:1.5em""><li><p style=""min-height:1.5em"">Compensation: competitive salary and 401(k) plan</p></li><li><p style=""min-height:1.5em"">Health &amp; well-being: weâll invest in your physical and mental well-being with comprehensive medical, dental, &amp; vision benefits</p></li><li><p style=""min-height:1.5em"">Grow together: Company-wide orientation for you to successfully onboard and other learning &amp; development opportunities, including regular review cycles that feature 360-degree feedback</p></li><li><p style=""min-height:1.5em"">Generous time off: 17 days paid time off, sick days, and 11 company holidays</p></li><li><p style=""min-height:1.5em"">Baby bonding time!: 12 weeks off for both birthing and non-birthing parents - fully paid so you can focus your energy on your newest addition</p></li></ul><p style=""min-height:1.5em""></p><p style=""min-height:1.5em""><em>Throughout the interview process, please remember that emails will only be from </em><a target=""_blank"" rel=""noopener noreferrer nofollow"" href=""http://valon.com""><em><u>valon.com</u></em></a><em> email addresses. We will never ask for any personally identifiable information during the interview process itself. Please reach out to talent@valon.com if you have any requests to verify the authenticity of an outreach.</em></p><p style=""min-height:1.5em""></p><p style=""min-height:1.5em""><em>Valon is an equal opportunity employer that is committed to diversity and inclusion in the workplace. We prohibit discrimination and harassment of any kind based on race, color, sex, religion, sexual orientation, national origin, disability, genetic information, pregnancy, or any other protected characteristic as outlined by federal, state, or local laws. Valon makes hiring decisions based solely on qualifications, merit, and business needs at the time.</em></p><br/><br/>Please mention the word **FRESH** and tag RMjYwMDoxNzAyOjJlOTA6OWJjMDpjOGIxOjQyYWU6NDQ0ZDplOTQ4 when applying to show you read the job post completely (#RMjYwMDoxNzAyOjJlOTA6OWJjMDpjOGIxOjQyYWU6NDQ0ZDplOTQ4). This is a beta feature to avoid spam applicants. Companies can search these words to find applicants that read this and see they're human.",https://remoteOK.com/remote-jobs/remote-senior-data-engineer-valon-mortgage-1131504,2026-05-07T08:00:03+00:00
